date,close,trend,segment_id,is_reversal_window,reversal_segment_id,factor_id,factor_name,factor_value,speculation,speculation_first_diff,speculation_down_flag,speculation_down_days,speculation_down_streak,signal,position_scale,is_effective_signal
2023-07-21,214134.19913419912,no_trend,,0,,23,speculation_continuous_drop,,2.091107917975069,,,,0,0,1.0,0
2023-07-24,201296.54778235024,up_trend,1.0,0,,23,speculation_continuous_drop,,1.4143789712621873,-0.6767289467128816,1.0,,1,0,1.0,0
2023-07-25,216694.29427430092,up_trend,1.0,0,,23,speculation_continuous_drop,,1.598095534571003,0.1837165633088158,0.0,,0,0,1.0,0
2023-07-26,219563.98194099808,up_trend,1.0,0,,23,speculation_continuous_drop,1.0,2.025216349105437,0.42712081453443385,0.0,1.0,0,0,1.0,0
2023-07-27,217538.3747103608,up_trend,1.0,0,,23,speculation_continuous_drop,2.0,1.176569968274467,-0.8486463808309699,1.0,2.0,1,0,1.0,0
2023-07-28,220461.82341001357,up_trend,1.0,0,,23,speculation_continuous_drop,3.0,1.137255999052689,-0.0393139692217781,1.0,3.0,2,0,1.0,0
2023-07-31,220703.6020638504,up_trend,1.0,1,1.0,23,speculation_continuous_drop,3.0,0.8447978475536825,-0.29245815149900645,1.0,3.0,3,0,1.0,0
2023-08-01,221433.656545037,up_trend,1.0,1,1.0,23,speculation_continuous_drop,4.0,0.3455711668003232,-0.4992266807533593,1.0,4.0,4,1,0.5,1
2023-08-02,221913.28229665072,up_trend,1.0,1,1.0,23,speculation_continuous_drop,5.0,0.0777876826569847,-0.26778348414333847,1.0,5.0,5,1,0.5,1
2023-08-03,223249.91373998765,down_trend,2.0,1,1.0,23,speculation_continuous_drop,4.0,0.278676766271454,0.20088908361446928,0.0,4.0,0,1,0.5,1
2023-08-04,222707.8457608564,down_trend,2.0,1,1.0,23,speculation_continuous_drop,4.0,-0.1709041956432761,-0.44958096191473007,1.0,4.0,1,1,0.5,1
2023-08-07,213933.16142895515,down_trend,2.0,1,1.0,23,speculation_continuous_drop,3.0,0.5882044007797698,0.7591085964230458,0.0,3.0,0,0,1.0,0
2023-08-08,211639.1597789407,down_trend,2.0,0,,23,speculation_continuous_drop,3.0,0.4416301173252139,-0.14657428345455586,1.0,3.0,1,0,1.0,0
2023-08-09,212657.0317916213,down_trend,2.0,0,,23,speculation_continuous_drop,3.0,0.2944802454904577,-0.1471498718347562,1.0,3.0,2,0,1.0,0
2023-08-10,206395.3513174404,down_trend,2.0,0,,23,speculation_continuous_drop,3.0,0.3464598352495612,0.051979589759103495,0.0,3.0,0,0,1.0,0
2023-08-11,204917.29295378117,down_trend,2.0,0,,23,speculation_continuous_drop,2.0,0.7545857171442018,0.40812588189464055,0.0,2.0,0,0,1.0,0
2023-08-14,193643.2345381271,down_trend,2.0,0,,23,speculation_continuous_drop,3.0,0.5485525533084864,-0.20603316383571535,1.0,3.0,1,0,1.0,0
2023-08-15,189680.8139697453,down_trend,2.0,0,,23,speculation_continuous_drop,2.0,0.8881893576869988,0.3396368043785124,0.0,2.0,0,0,1.0,0
2023-08-16,191747.30923578836,down_trend,2.0,0,,23,speculation_continuous_drop,2.0,0.8555210234584508,-0.03266833422854798,1.0,2.0,1,0,1.0,0
2023-08-17,189797.6065547304,down_trend,2.0,0,,23,speculation_continuous_drop,3.0,0.6625747876374212,-0.19294623582102965,1.0,3.0,2,0,1.0,0
2023-08-18,191523.40382269217,down_trend,2.0,0,,23,speculation_continuous_drop,4.0,0.2623910774735881,-0.4001837101638331,1.0,4.0,3,1,0.5,0
2023-08-21,197116.13041744623,down_trend,2.0,0,,23,speculation_continuous_drop,3.0,0.6506022352624492,0.3882111577888611,0.0,3.0,0,0,1.0,0
2023-08-22,194571.815011419,down_trend,2.0,0,,23,speculation_continuous_drop,4.0,0.5788551278390585,-0.07174710742339074,1.0,4.0,1,1,0.5,0
2023-08-23,196128.50058430465,down_trend,2.0,0,,23,speculation_continuous_drop,4.0,0.2350757936929626,-0.34377933414609585,1.0,4.0,2,1,0.5,0
2023-08-24,195419.81314730016,down_trend,2.0,0,,23,speculation_continuous_drop,4.0,0.1654618274742042,-0.0696139662187584,1.0,4.0,3,1,0.5,0
2023-08-25,190778.92248989124,down_trend,2.0,0,,23,speculation_continuous_drop,4.0,0.1168524055146719,-0.048609421959532315,1.0,4.0,4,1,0.5,0
2023-08-28,182823.25598746547,down_trend,2.0,0,,23,speculation_continuous_drop,4.0,0.7831209555005861,0.6662685499859142,0.0,4.0,0,1,0.5,0
2023-08-29,183944.18517804652,down_trend,2.0,0,,23,speculation_continuous_drop,4.0,0.704693048634028,-0.0784279068665581,1.0,4.0,1,1,0.5,0
2023-08-30,183383.0947994899,down_trend,2.0,0,,23,speculation_continuous_drop,4.0,0.4301450479677753,-0.27454800066625273,1.0,4.0,2,1,0.5,0
2023-08-31,184364.5029335453,down_trend,2.0,0,,23,speculation_continuous_drop,3.0,0.6723508618009333,0.24220581383315798,0.0,3.0,0,0,1.0,0
2023-09-01,184103.68802188992,down_trend,2.0,0,,23,speculation_continuous_drop,3.0,0.627944823211373,-0.04440603858956027,1.0,3.0,1,0,1.0,0
2023-09-04,187126.3395181521,down_trend,2.0,0,,23,speculation_continuous_drop,4.0,0.4859046043477473,-0.14204021886362572,1.0,4.0,2,1,0.5,0
2023-09-05,187481.0988396477,down_trend,2.0,0,,23,speculation_continuous_drop,4.0,0.4685346352422799,-0.017369969105467398,1.0,4.0,3,1,0.5,0
2023-09-06,187410.7465832597,down_trend,2.0,0,,23,speculation_continuous_drop,4.0,0.0619556344017436,-0.4065790008405363,1.0,4.0,4,1,0.5,0
2023-09-07,181934.7677695439,down_trend,2.0,0,,23,speculation_continuous_drop,4.0,0.3070118385914482,0.2450562041897046,0.0,4.0,0,1,0.5,0
2023-09-08,173951.38707074328,down_trend,2.0,0,,23,speculation_continuous_drop,3.0,0.7779856314922208,0.47097379290077257,0.0,3.0,0,0,1.0,0
2023-09-11,175933.38619402982,down_trend,2.0,0,,23,speculation_continuous_drop,3.0,0.434395784800586,-0.3435898466916348,1.0,3.0,1,0,1.0,0
2023-09-12,175115.808687838,down_trend,2.0,0,,23,speculation_continuous_drop,3.0,0.3841156394189933,-0.0502801453815927,1.0,3.0,2,0,1.0,0
2023-09-13,173532.41662518663,down_trend,2.0,0,,23,speculation_continuous_drop,3.0,0.1933871187934704,-0.1907285206255229,1.0,3.0,3,0,1.0,0
2023-09-14,166974.9207180873,down_trend,2.0,0,,23,speculation_continuous_drop,3.0,0.6323941482710722,0.43900702947760184,0.0,3.0,0,0,1.0,0
2023-09-15,167419.08418504574,down_trend,2.0,0,,23,speculation_continuous_drop,4.0,0.5007508365401547,-0.13164331173091748,1.0,4.0,1,1,0.5,0
2023-09-18,164878.8172660036,down_trend,2.0,0,,23,speculation_continuous_drop,4.0,0.1000864947069014,-0.40066434183325333,1.0,4.0,2,1,0.5,0
2023-09-19,157557.17446305772,down_trend,2.0,0,,23,speculation_continuous_drop,3.0,0.4342448894794879,0.3341583947725865,0.0,3.0,0,0,1.0,0
2023-09-20,152200.22593190565,down_trend,2.0,0,,23,speculation_continuous_drop,2.0,0.7965058156421968,0.3622609261627089,0.0,2.0,0,0,1.0,0
2023-09-21,157066.76293912297,down_trend,2.0,0,,23,speculation_continuous_drop,2.0,0.892920667367586,0.09641485172538922,0.0,2.0,0,0,1.0,0
2023-09-22,152456.84817710766,down_trend,2.0,1,2.0,23,speculation_continuous_drop,1.0,1.0355193138275331,0.14259864645994713,0.0,1.0,0,0,1.0,0
2023-09-25,151866.87342410494,down_trend,2.0,1,2.0,23,speculation_continuous_drop,1.0,0.8228342036462523,-0.2126851101812809,1.0,1.0,1,0,1.0,0
2023-09-26,144355.1337711975,down_trend,2.0,1,2.0,23,speculation_continuous_drop,1.0,1.014961885819421,0.19212768217316867,0.0,1.0,0,0,1.0,0
2023-09-27,140785.90414311024,up_trend,3.0,1,2.0,23,speculation_continuous_drop,1.0,1.215383281344587,0.20042139552516613,0.0,1.0,0,0,1.0,0
2023-09-28,143446.1425217841,up_trend,3.0,1,2.0,23,speculation_continuous_drop,2.0,0.8261238695697705,-0.3892594117748166,1.0,2.0,1,0,1.0,0
2023-10-09,144995.4945334111,up_trend,3.0,1,2.0,23,speculation_continuous_drop,3.0,0.174944469642449,-0.6511793999273214,1.0,3.0,2,0,1.0,0
2023-10-10,145276.11008979706,up_trend,3.0,1,3.0,23,speculation_continuous_drop,2.0,0.5934506713955551,0.41850620175310604,0.0,2.0,0,0,1.0,0
2023-10-11,148356.2540127733,up_trend,3.0,1,3.0,23,speculation_continuous_drop,3.0,0.3303602150568635,-0.26309045633869155,1.0,3.0,1,0,1.0,0
2023-10-12,157649.97815621665,up_trend,3.0,1,3.0,23,speculation_continuous_drop,3.0,0.8142153840651848,0.48385516900832126,0.0,3.0,0,0,1.0,0
2023-10-13,159604.77838890062,down_trend,4.0,1,3.0,23,speculation_continuous_drop,2.0,1.1778303822365563,0.36361499817137155,0.0,2.0,0,0,1.0,0
2023-10-16,156717.2664438177,down_trend,4.0,1,3.0,23,speculation_continuous_drop,1.0,1.3379614333609042,0.1601310511243479,0.0,1.0,0,0,1.0,0
2023-10-17,157225.7441294602,down_trend,4.0,1,3.0,23,speculation_continuous_drop,2.0,1.0640686089454428,-0.2738928244154615,1.0,2.0,1,0,1.0,0
2023-10-18,153207.98823114813,down_trend,4.0,0,,23,speculation_continuous_drop,2.0,0.9289867039980632,-0.1350819049473796,1.0,2.0,2,0,1.0,0
2023-10-19,146620.07736703512,down_trend,4.0,0,,23,speculation_continuous_drop,2.0,1.0973375615124814,0.16835085751441825,0.0,2.0,0,0,1.0,0
2023-10-20,141762.22849393392,down_trend,4.0,0,,23,speculation_continuous_drop,2.0,1.2237495586798215,0.12641199716734008,0.0,2.0,0,0,1.0,0
2023-10-23,141845.8572222496,down_trend,4.0,0,,23,speculation_continuous_drop,3.0,1.1547237973645903,-0.0690257613152312,1.0,3.0,1,0,1.0,0
2023-10-24,144547.43179243224,down_trend,4.0,0,,23,speculation_continuous_drop,3.0,0.828693564588757,-0.3260302327758333,1.0,3.0,2,0,1.0,0
2023-10-25,141611.4743999891,down_trend,4.0,0,,23,speculation_continuous_drop,2.0,1.045229662984907,0.21653609839614996,0.0,2.0,0,0,1.0,0
2023-10-26,140808.58170937747,down_trend,4.0,0,,23,speculation_continuous_drop,3.0,1.016845620680504,-0.028384042304402834,1.0,3.0,1,0,1.0,0
2023-10-27,142256.96517097135,down_trend,4.0,0,,23,speculation_continuous_drop,3.0,1.0304469770553892,0.013601356374885132,0.0,3.0,0,0,1.0,0
2023-10-30,145151.50205200096,down_trend,4.0,0,,23,speculation_continuous_drop,3.0,0.8618781030406721,-0.1685688740147171,1.0,3.0,1,0,1.0,0
2023-10-31,141472.84801844467,down_trend,4.0,0,,23,speculation_continuous_drop,2.0,1.0429541271050051,0.18107602406433299,0.0,2.0,0,0,1.0,0
2023-11-01,140968.30176748667,down_trend,4.0,0,,23,speculation_continuous_drop,3.0,0.9089421263603804,-0.13401200074462472,1.0,3.0,1,0,1.0,0
2023-11-02,139460.8904642823,down_trend,4.0,0,,23,speculation_continuous_drop,3.0,0.5833284177212471,-0.3256137086391333,1.0,3.0,2,0,1.0,0
2023-11-03,139792.89015969163,down_trend,4.0,0,,23,speculation_continuous_drop,4.0,0.4972419244517814,-0.08608649326946571,1.0,4.0,3,1,0.5,0
2023-11-06,137673.10349068398,down_trend,4.0,0,,23,speculation_continuous_drop,4.0,0.4877300861672962,-0.009511838284485208,1.0,4.0,4,1,0.5,0
2023-11-07,134064.895158069,down_trend,4.0,0,,23,speculation_continuous_drop,4.0,0.725760940812266,0.23803085464496987,0.0,4.0,0,1,0.5,0
2023-11-08,135846.2033121477,down_trend,4.0,0,,23,speculation_continuous_drop,3.0,1.1901756336576224,0.4644146928453563,0.0,3.0,0,0,1.0,0
2023-11-09,135284.71439327145,down_trend,4.0,0,,23,speculation_continuous_drop,3.0,0.5799246881619707,-0.6102509454956516,1.0,3.0,1,0,1.0,0
2023-11-10,139399.19152847852,down_trend,4.0,0,,23,speculation_continuous_drop,2.0,0.8568342382430861,0.2769095500811154,0.0,2.0,0,0,1.0,0
2023-11-13,133822.71001129967,down_trend,4.0,0,,23,speculation_continuous_drop,2.0,0.8434280036976943,-0.013406234545391804,1.0,2.0,1,0,1.0,0
2023-11-14,134542.8126142225,down_trend,4.0,0,,23,speculation_continuous_drop,3.0,0.7656293343658661,-0.07779866933182822,1.0,3.0,2,0,1.0,0
2023-11-15,135348.50198664705,down_trend,4.0,0,,23,speculation_continuous_drop,4.0,0.448852216230571,-0.31677711813529513,1.0,4.0,3,1,0.5,0
2023-11-16,134609.8775773196,down_trend,4.0,0,,23,speculation_continuous_drop,4.0,0.2319923556029504,-0.21685986062762058,1.0,4.0,4,1,0.5,0
2023-11-17,132873.24343116445,down_trend,4.0,0,,23,speculation_continuous_drop,4.0,0.3456176412901895,0.11362528568723912,0.0,4.0,0,1,0.5,0
2023-11-20,130451.21280959838,down_trend,4.0,0,,23,speculation_continuous_drop,3.0,0.3865927729070039,0.040975131616814375,0.0,3.0,0,0,1.0,0
2023-11-21,127152.50080318702,down_trend,4.0,0,,23,speculation_continuous_drop,2.0,0.6056578661009121,0.2190650931939082,0.0,2.0,0,0,1.0,0
2023-11-22,120061.07353298634,down_trend,4.0,0,,23,speculation_continuous_drop,1.0,1.0743885942000646,0.4687307280991525,0.0,1.0,0,0,1.0,0
2023-11-23,119365.8717677746,down_trend,4.0,0,,23,speculation_continuous_drop,0.0,1.1309693996026733,0.05658080540260868,0.0,0.0,0,0,1.0,0
2023-11-24,119482.67885226436,down_trend,4.0,0,,23,speculation_continuous_drop,0.0,1.201514075941524,0.07054467633885064,0.0,0.0,0,0,1.0,0
2023-11-27,112159.48302925436,down_trend,4.0,0,,23,speculation_continuous_drop,1.0,1.0328362439681429,-0.16867783197338104,1.0,1.0,1,0,1.0,0
2023-11-28,111092.3585328962,down_trend,4.0,0,,23,speculation_continuous_drop,1.0,1.0475958700346195,0.014759626066476628,0.0,1.0,0,0,1.0,0
2023-11-29,110509.74250070576,down_trend,4.0,0,,23,speculation_continuous_drop,1.0,1.2200290611416147,0.17243319110699518,0.0,1.0,0,0,1.0,0
2023-11-30,106840.2284561332,down_trend,4.0,1,4.0,23,speculation_continuous_drop,2.0,0.9048295812780548,-0.3151994798635599,1.0,2.0,1,0,1.0,0
2023-12-01,103008.64174088642,down_trend,4.0,1,4.0,23,speculation_continuous_drop,2.0,1.2373251146707174,0.3324955333926626,0.0,2.0,0,0,1.0,0
2023-12-04,96704.46664097524,down_trend,4.0,1,4.0,23,speculation_continuous_drop,2.0,1.2182507007370564,-0.01907441393366094,1.0,2.0,1,0,1.0,0
2023-12-05,91488.87545841128,down_trend,4.0,1,4.0,23,speculation_continuous_drop,3.0,0.5526496490566544,-0.6656010516804021,1.0,3.0,2,0,1.0,0
2023-12-06,92685.57123121686,no_trend,,1,4.0,23,speculation_continuous_drop,3.0,1.362668612012835,0.8100189629561807,0.0,3.0,0,0,1.0,0
2023-12-07,95331.93392971825,no_trend,,1,4.0,23,speculation_continuous_drop,3.0,0.242212494358547,-1.120456117654288,1.0,3.0,1,0,1.0,0
2023-12-08,102180.15741011292,no_trend,,0,,23,speculation_continuous_drop,4.0,-1.76611580572971,-2.008328300088257,1.0,4.0,2,1,0.5,0
2023-12-11,97124.60930398648,no_trend,,0,,23,speculation_continuous_drop,3.0,1.474114423933736,3.240230229663446,0.0,3.0,0,0,1.0,0
2023-12-12,93946.71264616384,no_trend,,0,,23,speculation_continuous_drop,3.0,0.9351900801091856,-0.5389243438245505,1.0,3.0,1,0,1.0,0
2023-12-13,105012.27001922044,down_trend,5.0,0,,23,speculation_continuous_drop,3.0,1.083779523043371,0.14858944293418552,0.0,3.0,0,0,1.0,0
2023-12-14,102057.15752276892,down_trend,5.0,0,,23,speculation_continuous_drop,2.0,1.3118435482351096,0.22806402519173852,0.0,2.0,0,0,1.0,0
2023-12-15,103836.16664647858,down_trend,5.0,0,,23,speculation_continuous_drop,2.0,0.7497108699645427,-0.5621326782705669,1.0,2.0,1,0,1.0,0
2023-12-18,102275.61099355902,down_trend,5.0,1,5.0,23,speculation_continuous_drop,3.0,0.6394461335009323,-0.11026473646361046,1.0,3.0,2,0,1.0,0
2023-12-19,101423.8115274905,down_trend,5.0,1,5.0,23,speculation_continuous_drop,3.0,0.0078606303055067,-0.6315855031954256,1.0,3.0,3,0,1.0,0
2023-12-20,100354.27599033044,down_trend,5.0,1,5.0,23,speculation_continuous_drop,4.0,-0.4025792893853374,-0.4104399196908441,1.0,4.0,4,1,0.5,1
2023-12-21,97269.5430794462,up_trend,6.0,1,5.0,23,speculation_continuous_drop,4.0,0.2847148683600652,0.6872941577454026,0.0,4.0,0,1,0.5,1
2023-12-22,100221.330413198,up_trend,6.0,1,5.0,23,speculation_continuous_drop,4.0,0.2768380592709572,-0.007876809089107983,1.0,4.0,1,1,0.5,1
2023-12-25,102100.52780946268,up_trend,6.0,1,5.0,23,speculation_continuous_drop,4.0,-0.4344416965130948,-0.711279755784052,1.0,4.0,2,1,0.5,1
2023-12-26,106402.42521607364,up_trend,6.0,0,,23,speculation_continuous_drop,3.0,0.1306333540598918,0.5650750505729866,0.0,3.0,0,0,1.0,0
2023-12-27,105131.18246910564,up_trend,6.0,1,6.0,23,speculation_continuous_drop,2.0,0.142543307504434,0.01190995344454221,0.0,2.0,0,0,1.0,0
2023-12-28,105819.35906042664,up_trend,6.0,1,6.0,23,speculation_continuous_drop,3.0,-0.4477884504826653,-0.5903317579870992,1.0,3.0,1,0,1.0,0
2023-12-29,106610.13450262693,up_trend,6.0,1,6.0,23,speculation_continuous_drop,2.0,-0.0920257619925673,0.355762688490098,0.0,2.0,0,0,1.0,0
2024-01-02,107455.72087803832,down_trend,7.0,1,6.0,23,speculation_continuous_drop,2.0,-0.4409603290034258,-0.3489345670108585,1.0,2.0,1,0,1.0,0
2024-01-03,105957.35096608776,down_trend,7.0,1,7.0,23,speculation_continuous_drop,3.0,-0.5609492442804844,-0.11998891527705863,1.0,3.0,2,0,1.0,0
2024-01-04,100109.5650870054,down_trend,7.0,1,7.0,23,speculation_continuous_drop,3.0,-0.1345861649153924,0.426363079365092,0.0,3.0,0,0,1.0,0
2024-01-05,98254.22684832136,down_trend,7.0,1,7.0,23,speculation_continuous_drop,3.0,-0.2238722566420936,-0.08928609172670118,1.0,3.0,1,0,1.0,0
2024-01-08,96598.67900900664,down_trend,7.0,1,7.0,23,speculation_continuous_drop,4.0,-0.3628638141522091,-0.1389915575101155,1.0,4.0,2,1,0.5,1
2024-01-09,98314.87303704405,no_trend,,1,7.0,23,speculation_continuous_drop,3.0,-0.1413208016177373,0.22154301253447178,0.0,3.0,0,0,1.0,0
2024-01-10,97384.13773810714,no_trend,,1,7.0,23,speculation_continuous_drop,3.0,-0.7932195234978155,-0.6518987218800782,1.0,3.0,1,0,1.0,0
2024-01-11,103962.28880612228,down_trend,8.0,0,,23,speculation_continuous_drop,3.0,-0.0911669782616943,0.7020525452361213,0.0,3.0,0,0,1.0,0
2024-01-12,102264.76779132622,down_trend,8.0,0,,23,speculation_continuous_drop,3.0,-0.4984780832646374,-0.4073111050029431,1.0,3.0,1,0,1.0,0
2024-01-15,101447.52508323544,down_trend,8.0,0,,23,speculation_continuous_drop,3.0,-0.8118915922597303,-0.3134135089950929,1.0,3.0,2,0,1.0,0
2024-01-16,103497.49364289662,down_trend,8.0,0,,23,speculation_continuous_drop,3.0,-0.7763605627289141,0.035531029530816216,0.0,3.0,0,0,1.0,0
2024-01-17,101351.72794076486,down_trend,8.0,0,,23,speculation_continuous_drop,2.0,-0.5796081894971861,0.196752373231728,0.0,2.0,0,0,1.0,0
2024-01-18,101852.01863061228,down_trend,8.0,0,,23,speculation_continuous_drop,3.0,-0.620677867531516,-0.041069678034329926,1.0,3.0,1,0,1.0,0
2024-01-19,100996.20266321952,down_trend,8.0,0,,23,speculation_continuous_drop,3.0,-0.991312369674998,-0.37063450214348204,1.0,3.0,2,0,1.0,0
2024-01-22,99453.21248901093,down_trend,8.0,0,,23,speculation_continuous_drop,2.0,-0.6858196422318403,0.3054927274431577,0.0,2.0,0,0,1.0,0
2024-01-23,101644.81940883136,down_trend,8.0,0,,23,speculation_continuous_drop,3.0,-0.8295299342379175,-0.1437102920060772,1.0,3.0,1,0,1.0,0
2024-01-24,101961.77233558672,down_trend,8.0,0,,23,speculation_continuous_drop,4.0,-1.1066766747804968,-0.27714674054257926,1.0,4.0,2,1,0.5,0
2024-01-25,101013.6392979782,down_trend,8.0,0,,23,speculation_continuous_drop,3.0,-0.919476911702344,0.18719976307815278,0.0,3.0,0,0,1.0,0
2024-01-26,100360.66791803535,down_trend,8.0,0,,23,speculation_continuous_drop,3.0,-1.0176747715509158,-0.09819785984857177,1.0,3.0,1,0,1.0,0
2024-01-29,101632.47352707006,down_trend,8.0,0,,23,speculation_continuous_drop,4.0,-1.053422775593723,-0.03574800404280731,1.0,4.0,2,1,0.5,0
2024-01-30,100777.94687642498,down_trend,8.0,0,,23,speculation_continuous_drop,4.0,-1.33461110304124,-0.2811883274475169,1.0,4.0,3,1,0.5,0
2024-01-31,99057.40505351692,down_trend,8.0,0,,23,speculation_continuous_drop,3.0,-0.729251311713666,0.605359791327574,0.0,3.0,0,0,1.0,0
2024-02-01,99478.11953502726,down_trend,8.0,0,,23,speculation_continuous_drop,4.0,-1.21844453702176,-0.48919322530809406,1.0,4.0,1,1,0.5,0
2024-02-02,99888.188827397,down_trend,8.0,0,,23,speculation_continuous_drop,3.0,-1.006481829009635,0.21196270801212513,0.0,3.0,0,0,1.0,0
2024-02-05,100295.93340060544,down_trend,8.0,0,,23,speculation_continuous_drop,3.0,-1.4149645134455575,-0.4084826844359226,1.0,3.0,1,0,1.0,0
2024-02-06,97201.50715948458,down_trend,8.0,0,,23,speculation_continuous_drop,2.0,-0.5379642555442696,0.8770002579012879,0.0,2.0,0,0,1.0,0
2024-02-07,97543.72551494786,down_trend,8.0,1,8.0,23,speculation_continuous_drop,3.0,-1.4786558863706138,-0.9406916308263442,1.0,3.0,1,0,1.0,0
2024-02-08,96269.82138578496,down_trend,8.0,1,8.0,23,speculation_continuous_drop,2.0,-1.2204665292818089,0.25818935708880497,0.0,2.0,0,0,1.0,0
2024-02-19,94775.3944510556,down_trend,8.0,1,8.0,23,speculation_continuous_drop,2.0,-1.1301271999197662,0.0903393293620427,0.0,2.0,0,0,1.0,0
2024-02-20,92872.2501205509,up_trend,9.0,1,8.0,23,speculation_continuous_drop,1.0,-0.8008930939608706,0.3292341059588956,0.0,1.0,0,0,1.0,0
2024-02-21,96882.24540344122,up_trend,9.0,1,8.0,23,speculation_continuous_drop,1.0,0.3295808831089428,1.1304739770698133,0.0,1.0,0,0,1.0,0
2024-02-22,97588.7803097096,up_trend,9.0,1,8.0,23,speculation_continuous_drop,1.0,-0.689661552807524,-1.0192424359164667,1.0,1.0,1,0,1.0,0
2024-02-23,101658.06928507565,up_trend,9.0,0,,23,speculation_continuous_drop,1.0,-0.1500707642072351,0.5395907886002889,0.0,1.0,0,0,1.0,0
2024-02-26,102185.20105934492,up_trend,9.0,0,,23,speculation_continuous_drop,1.0,-0.1492814000458186,0.0007893641614165059,0.0,1.0,0,0,1.0,0
2024-02-27,106374.06782688409,up_trend,9.0,1,9.0,23,speculation_continuous_drop,1.0,-0.0499557225524479,0.0993256774933707,0.0,1.0,0,0,1.0,0
2024-02-28,107854.74760428791,up_trend,9.0,1,9.0,23,speculation_continuous_drop,1.0,0.3579582624141482,0.4079139849665961,0.0,1.0,0,0,1.0,0
2024-02-29,118891.28502033616,up_trend,9.0,1,9.0,23,speculation_continuous_drop,0.0,0.7112597882648249,0.35330152585067676,0.0,0.0,0,0,1.0,0
2024-03-01,119227.0197740562,up_trend,9.0,1,9.0,23,speculation_continuous_drop,1.0,0.430950785932679,-0.28030900233214595,1.0,1.0,1,0,1.0,0
2024-03-04,117242.80186002524,no_trend,,1,9.0,23,speculation_continuous_drop,1.0,0.8291766326536015,0.39822584672092254,0.0,1.0,0,0,1.0,0
2024-03-05,111502.8476740102,up_trend,10.0,1,9.0,23,speculation_continuous_drop,2.0,0.4921953927460059,-0.33698123990759565,1.0,2.0,1,0,1.0,0
2024-03-06,113936.33605473912,up_trend,10.0,0,,23,speculation_continuous_drop,2.0,0.5194100851905226,0.027214692444516686,0.0,2.0,0,0,1.0,0
2024-03-07,112809.94403840862,up_trend,10.0,1,10.0,23,speculation_continuous_drop,3.0,0.1981332221308482,-0.3212768630596744,1.0,3.0,1,0,1.0,0
2024-03-08,113270.65580490432,up_trend,10.0,1,10.0,23,speculation_continuous_drop,3.0,0.0261616805691762,-0.171971541561672,1.0,3.0,2,0,1.0,0
2024-03-11,116149.7887487403,up_trend,10.0,1,10.0,23,speculation_continuous_drop,3.0,0.1287539913492486,0.10259231078007239,0.0,3.0,0,0,1.0,0
2024-03-12,119641.97952520676,up_trend,10.0,1,10.0,23,speculation_continuous_drop,2.0,0.1452996026262555,0.016545611277006905,0.0,2.0,0,0,1.0,0
2024-03-13,118621.2365854309,no_trend,,1,10.0,23,speculation_continuous_drop,3.0,0.0744715976691694,-0.07082800495708609,1.0,3.0,1,0,1.0,0
2024-03-14,112022.82809349798,up_trend,11.0,1,10.0,23,speculation_continuous_drop,2.0,0.3713093354391957,0.2968377377700263,0.0,2.0,0,0,1.0,0
2024-03-15,114879.9057833913,up_trend,11.0,0,,23,speculation_continuous_drop,2.0,0.1190265520717665,-0.2522827833674292,1.0,2.0,1,0,1.0,0
2024-03-18,116635.82843141958,up_trend,11.0,1,11.0,23,speculation_continuous_drop,2.0,0.1524919531264966,0.0334654010547301,0.0,2.0,0,0,1.0,0
2024-03-19,114777.5935745528,up_trend,11.0,1,11.0,23,speculation_continuous_drop,3.0,-0.0645880954211273,-0.21708004854762392,1.0,3.0,1,0,1.0,0
2024-03-20,116981.30857925958,up_trend,11.0,1,11.0,23,speculation_continuous_drop,3.0,-0.1394810929511999,-0.0748929975300726,1.0,3.0,2,0,1.0,0
2024-03-21,117150.57303903022,down_trend,12.0,1,11.0,23,speculation_continuous_drop,4.0,-0.2353533402864061,-0.09587224733520619,1.0,4.0,3,1,0.5,1
2024-03-22,114214.21441320475,down_trend,12.0,1,11.0,23,speculation_continuous_drop,3.0,-0.1319639044237925,0.1033894358626136,0.0,3.0,0,0,1.0,0
2024-03-25,107366.8720415848,down_trend,12.0,1,11.0,23,speculation_continuous_drop,3.0,0.1248989040942082,0.2568628085180007,0.0,3.0,0,0,1.0,0
2024-03-26,108390.37476156023,down_trend,12.0,1,12.0,23,speculation_continuous_drop,3.0,-0.0685536749511882,-0.19345257904539642,1.0,3.0,1,0,1.0,0
2024-03-27,108335.4070444004,down_trend,12.0,1,12.0,23,speculation_continuous_drop,2.0,-0.001111856471884,0.06744181847930421,0.0,2.0,0,0,1.0,0
2024-03-28,108491.2733317798,down_trend,12.0,1,12.0,23,speculation_continuous_drop,2.0,-0.3486179972212963,-0.34750614074941233,1.0,2.0,1,0,1.0,0
2024-03-29,107153.30544336088,up_trend,13.0,1,12.0,23,speculation_continuous_drop,2.0,-0.3171786528716252,0.031439344349671106,0.0,2.0,0,0,1.0,0
2024-04-01,112500.4832019566,up_trend,13.0,1,12.0,23,speculation_continuous_drop,2.0,-0.0411504902915018,0.2760281625801234,0.0,2.0,0,0,1.0,0
2024-04-02,111077.01530350235,up_trend,13.0,1,12.0,23,speculation_continuous_drop,2.0,-0.4048781326150782,-0.3637276423235764,1.0,2.0,1,0,1.0,0
2024-04-03,111881.5949465638,up_trend,13.0,1,13.0,23,speculation_continuous_drop,2.0,-0.2970637113828967,0.10781442123218149,0.0,2.0,0,0,1.0,0
2024-04-08,113498.56208411224,up_trend,13.0,1,13.0,23,speculation_continuous_drop,2.0,-0.4027900452829815,-0.10572633390008479,1.0,2.0,1,0,1.0,0
2024-04-09,114128.18511694236,up_trend,13.0,1,13.0,23,speculation_continuous_drop,3.0,-0.5007763468536857,-0.09798630157070415,1.0,3.0,2,0,1.0,0
2024-04-10,115969.12561345406,down_trend,14.0,1,13.0,23,speculation_continuous_drop,3.0,-0.3652322029649591,0.13554414388872654,0.0,3.0,0,0,1.0,0
2024-04-11,112618.51625147591,down_trend,14.0,1,13.0,23,speculation_continuous_drop,2.0,-0.268485504388131,0.0967466985768281,0.0,2.0,0,0,1.0,0
2024-04-12,112326.96831629968,down_trend,14.0,1,13.0,23,speculation_continuous_drop,3.0,-0.6516419142583596,-0.3831564098702286,1.0,3.0,1,0,1.0,0
2024-04-15,111994.24171471068,down_trend,14.0,0,,23,speculation_continuous_drop,3.0,-0.8628212601064965,-0.2111793458481369,1.0,3.0,2,0,1.0,0
2024-04-16,108422.30803054072,down_trend,14.0,1,14.0,23,speculation_continuous_drop,2.0,-0.34986892145068,0.5129523386558166,0.0,2.0,0,0,1.0,0
2024-04-17,109690.96668846378,down_trend,14.0,1,14.0,23,speculation_continuous_drop,3.0,-0.9123332759449364,-0.5624643544942565,1.0,3.0,1,0,1.0,0
2024-04-18,108732.46567048231,down_trend,14.0,1,14.0,23,speculation_continuous_drop,3.0,-0.5919835464165415,0.3203497295283949,0.0,3.0,0,0,1.0,0
2024-04-19,107978.62317880044,up_trend,15.0,1,14.0,23,speculation_continuous_drop,2.0,-0.362590253827565,0.2293932925889765,0.0,2.0,0,0,1.0,0
2024-04-22,108951.95362671532,up_trend,15.0,1,14.0,23,speculation_continuous_drop,2.0,-0.5497184077390225,-0.18712815391145748,1.0,2.0,1,0,1.0,0
2024-04-23,109475.849038121,up_trend,15.0,1,14.0,23,speculation_continuous_drop,2.0,-0.5269345033989934,0.022783904340029082,0.0,2.0,0,0,1.0,0
2024-04-24,110654.33733416622,up_trend,15.0,1,15.0,23,speculation_continuous_drop,1.0,-0.3196028644074781,0.2073316389915153,0.0,1.0,0,0,1.0,0
2024-04-25,109968.80324208087,up_trend,15.0,1,15.0,23,speculation_continuous_drop,2.0,-0.4328863254841859,-0.11328346107670778,1.0,2.0,1,0,1.0,0
2024-04-26,110328.255441008,up_trend,15.0,1,15.0,23,speculation_continuous_drop,3.0,-0.8984665669693278,-0.46558024148514193,1.0,3.0,2,0,1.0,0
2024-04-29,115988.79717510032,down_trend,16.0,1,15.0,23,speculation_continuous_drop,2.0,0.0893391733119337,0.9878057402812614,0.0,2.0,0,0,1.0,0
2024-04-30,111891.1974591796,down_trend,16.0,1,15.0,23,speculation_continuous_drop,3.0,-0.0472468822514201,-0.1365860555633538,1.0,3.0,1,0,1.0,0
2024-05-06,112887.53718943716,down_trend,16.0,1,15.0,23,speculation_continuous_drop,4.0,-0.7921743276892471,-0.744927445437827,1.0,4.0,2,1,0.5,1
2024-05-07,114318.34383848505,down_trend,16.0,0,,23,speculation_continuous_drop,3.0,-0.5581385056570991,0.234035822032148,0.0,3.0,0,0,1.0,0
2024-05-08,112538.33345414254,down_trend,16.0,0,,23,speculation_continuous_drop,3.0,-0.8111735901045476,-0.2530350844474485,1.0,3.0,1,0,1.0,0
2024-05-09,112270.01049632629,down_trend,16.0,0,,23,speculation_continuous_drop,3.0,-0.6720581310624723,0.13911545904207534,0.0,3.0,0,0,1.0,0
2024-05-10,109118.61716716952,down_trend,16.0,1,16.0,23,speculation_continuous_drop,2.0,-0.2651155153015043,0.40694261576096796,0.0,2.0,0,0,1.0,0
2024-05-13,107885.71704728328,down_trend,16.0,1,16.0,23,speculation_continuous_drop,2.0,-0.7208518623105886,-0.45573634700908433,1.0,2.0,1,0,1.0,0
2024-05-14,106029.6258325672,down_trend,16.0,1,16.0,23,speculation_continuous_drop,2.0,-0.2055864805793865,0.5152653817312021,0.0,2.0,0,0,1.0,0
2024-05-15,103961.9134405348,up_trend,17.0,1,16.0,23,speculation_continuous_drop,2.0,-0.3625535541535523,-0.15696707357416578,1.0,2.0,1,0,1.0,0
2024-05-16,105075.7146305242,up_trend,17.0,1,16.0,23,speculation_continuous_drop,3.0,-0.9574496213195955,-0.5948960671660433,1.0,3.0,2,0,1.0,0
2024-05-17,107457.99077577224,up_trend,17.0,1,16.0,23,speculation_continuous_drop,3.0,-0.5560581382329437,0.40139148308665185,0.0,3.0,0,0,1.0,0
2024-05-20,107028.24148611155,up_trend,17.0,0,,23,speculation_continuous_drop,3.0,-0.6784638458096975,-0.12240570757675384,1.0,3.0,1,0,1.0,0
2024-05-21,107784.02408189964,up_trend,17.0,1,17.0,23,speculation_continuous_drop,3.0,-0.2664268223760658,0.41203702343363174,0.0,3.0,0,0,1.0,0
2024-05-22,107605.50174858124,up_trend,17.0,1,17.0,23,speculation_continuous_drop,3.0,-0.9809991229685386,-0.7145723005924729,1.0,3.0,1,0,1.0,0
2024-05-23,107398.06329002036,up_trend,17.0,1,17.0,23,speculation_continuous_drop,2.0,-0.6511764427566882,0.32982268021185046,0.0,2.0,0,0,1.0,0
2024-05-24,108631.95809717664,down_trend,18.0,1,17.0,23,speculation_continuous_drop,2.0,-0.6431019228891484,0.00807451986753982,0.0,2.0,0,0,1.0,0
2024-05-27,107409.3226333718,down_trend,18.0,1,17.0,23,speculation_continuous_drop,2.0,-0.8579374705496736,-0.21483554766052526,1.0,2.0,1,0,1.0,0
2024-05-28,106390.44154823724,down_trend,18.0,1,17.0,23,speculation_continuous_drop,2.0,-0.7451887302525706,0.11274874029710302,0.0,2.0,0,0,1.0,0
2024-05-29,106498.4946395742,down_trend,18.0,0,,23,speculation_continuous_drop,2.0,-0.9225053050497848,-0.1773165747972142,1.0,2.0,1,0,1.0,0
2024-05-30,107309.425429094,down_trend,18.0,0,,23,speculation_continuous_drop,2.0,-0.572817339845857,0.34968796520392775,0.0,2.0,0,0,1.0,0
2024-05-31,106385.67814739914,down_trend,18.0,0,,23,speculation_continuous_drop,3.0,-0.8210049408723694,-0.24818760102651238,1.0,3.0,1,0,1.0,0
2024-06-03,104232.8337393877,down_trend,18.0,0,,23,speculation_continuous_drop,2.0,-0.5008463782353193,0.3201585626370501,0.0,2.0,0,0,1.0,0
2024-06-04,103412.69271330288,down_trend,18.0,0,,23,speculation_continuous_drop,3.0,-1.0685753066008827,-0.5677289283655634,1.0,3.0,1,0,1.0,0
2024-06-05,101569.71591077892,down_trend,18.0,0,,23,speculation_continuous_drop,2.0,-0.6484765673101991,0.42009873929068364,0.0,2.0,0,0,1.0,0
2024-06-06,102776.45074497032,down_trend,18.0,0,,23,speculation_continuous_drop,3.0,-0.8751673555463821,-0.22669078823618305,1.0,3.0,1,0,1.0,0
2024-06-07,101793.61103041032,down_trend,18.0,0,,23,speculation_continuous_drop,2.0,-0.8634674516230092,0.011699903923372945,0.0,2.0,0,0,1.0,0
2024-06-11,98999.5912910619,down_trend,18.0,0,,23,speculation_continuous_drop,2.0,-0.7352473800619684,0.12822007156104076,0.0,2.0,0,0,1.0,0
2024-06-12,100810.13358861522,down_trend,18.0,0,,23,speculation_continuous_drop,1.0,-0.3243611740522253,0.4108862060097431,0.0,1.0,0,0,1.0,0
2024-06-13,99983.95861495976,down_trend,18.0,0,,23,speculation_continuous_drop,2.0,-0.4528839757112751,-0.12852280165904978,1.0,2.0,1,0,1.0,0
2024-06-14,99202.29528514858,down_trend,18.0,0,,23,speculation_continuous_drop,2.0,-0.897340643179363,-0.44445666746808793,1.0,2.0,2,0,1.0,0
2024-06-17,98055.2021260008,down_trend,18.0,0,,23,speculation_continuous_drop,2.0,-0.811634668152631,0.08570597502673205,0.0,2.0,0,0,1.0,0
2024-06-18,95666.7365480961,down_trend,18.0,0,,23,speculation_continuous_drop,2.0,-0.4070745435243151,0.40456012462831586,0.0,2.0,0,0,1.0,0
2024-06-19,96543.7685351904,down_trend,18.0,1,18.0,23,speculation_continuous_drop,3.0,-0.7582966669533059,-0.3512221234289908,1.0,3.0,1,0,1.0,0
2024-06-20,96998.08930509764,down_trend,18.0,1,18.0,23,speculation_continuous_drop,3.0,-0.9801844721755484,-0.2218878052222425,1.0,3.0,2,0,1.0,0
2024-06-21,95060.393532734,down_trend,18.0,1,18.0,23,speculation_continuous_drop,2.0,-0.5004919321428314,0.479692540032717,0.0,2.0,0,0,1.0,0
2024-06-24,91948.8888557649,down_trend,18.0,1,18.0,23,speculation_continuous_drop,2.0,-0.3277733979358986,0.17271853420693278,0.0,2.0,0,0,1.0,0
2024-06-25,93841.7255895294,no_trend,,1,18.0,23,speculation_continuous_drop,2.0,-0.0566684938044319,0.2711049041314667,0.0,2.0,0,0,1.0,0
2024-06-26,96328.86233091856,down_trend,19.0,1,18.0,23,speculation_continuous_drop,1.0,0.1626218327139663,0.2192903265183982,0.0,1.0,0,0,1.0,0
2024-06-27,94033.78991117267,down_trend,19.0,0,,23,speculation_continuous_drop,1.0,-0.2672399566394095,-0.4298617893533758,1.0,1.0,1,0,1.0,0
2024-06-28,93965.4685533976,down_trend,19.0,0,,23,speculation_continuous_drop,1.0,-0.1022237862968819,0.16501617034252763,0.0,1.0,0,0,1.0,0
2024-07-01,95330.22169759596,down_trend,19.0,0,,23,speculation_continuous_drop,2.0,-0.2695563744720075,-0.16733258817512559,1.0,2.0,1,0,1.0,0
2024-07-02,93892.09412168562,down_trend,19.0,0,,23,speculation_continuous_drop,3.0,-0.6142195246580915,-0.344663150186084,1.0,3.0,2,0,1.0,0
2024-07-03,94441.91970724764,down_trend,19.0,0,,23,speculation_continuous_drop,4.0,-0.6775919293621054,-0.06337240470401395,1.0,4.0,3,1,0.5,0
2024-07-04,93916.61552046314,down_trend,19.0,0,,23,speculation_continuous_drop,3.0,-0.6438192708368797,0.03377265852522571,0.0,3.0,0,0,1.0,0
2024-07-05,93859.09037257273,down_trend,19.0,0,,23,speculation_continuous_drop,3.0,-0.5694794393326693,0.07433983150421042,0.0,3.0,0,0,1.0,0
2024-07-08,93611.61847839072,down_trend,19.0,0,,23,speculation_continuous_drop,3.0,-0.7385769444715556,-0.16909750513888633,1.0,3.0,1,0,1.0,0
2024-07-09,94102.88008367294,down_trend,19.0,0,,23,speculation_continuous_drop,2.0,-0.7305203785205661,0.00805656595098958,0.0,2.0,0,0,1.0,0
2024-07-10,91838.23794473428,down_trend,19.0,0,,23,speculation_continuous_drop,1.0,-0.5744210697746172,0.1560993087459489,0.0,1.0,0,0,1.0,0
2024-07-11,92544.64830948108,down_trend,19.0,0,,23,speculation_continuous_drop,1.0,-0.5182033319127824,0.056217737861834705,0.0,1.0,0,0,1.0,0
2024-07-12,91385.49271301736,down_trend,19.0,0,,23,speculation_continuous_drop,2.0,-1.046752881933517,-0.5285495500207346,1.0,2.0,1,0,1.0,0
2024-07-15,88166.13063927906,down_trend,19.0,0,,23,speculation_continuous_drop,1.0,-0.4645811168461631,0.5821717650873539,0.0,1.0,0,0,1.0,0
2024-07-16,88992.0108321151,down_trend,19.0,0,,23,speculation_continuous_drop,2.0,-0.6318677851500201,-0.16728666830385697,1.0,2.0,1,0,1.0,0
2024-07-17,87128.4008517974,down_trend,19.0,0,,23,speculation_continuous_drop,3.0,-0.8039773419566555,-0.17210955680663542,1.0,3.0,2,0,1.0,0
2024-07-18,88207.13889411473,down_trend,19.0,0,,23,speculation_continuous_drop,4.0,-0.8266617190689088,-0.02268437711225335,1.0,4.0,3,1,0.5,0
2024-07-19,89977.9163766626,down_trend,19.0,0,,23,speculation_continuous_drop,3.0,-0.1714490542709461,0.6552126647979628,0.0,3.0,0,0,1.0,0
2024-07-22,89225.08093057314,down_trend,19.0,0,,23,speculation_continuous_drop,4.0,-0.9404351259002204,-0.7689860716292742,1.0,4.0,1,1,0.5,0
2024-07-23,88205.38816388269,down_trend,19.0,0,,23,speculation_continuous_drop,3.0,-0.6150319372196704,0.32540318868054996,0.0,3.0,0,0,1.0,0
2024-07-24,87285.20844771303,down_trend,19.0,0,,23,speculation_continuous_drop,3.0,-0.6823924373464988,-0.06736050012682837,1.0,3.0,1,0,1.0,0
2024-07-25,87413.79357554523,down_trend,19.0,0,,23,speculation_continuous_drop,2.0,-0.5980148621690559,0.08437757517744293,0.0,2.0,0,0,1.0,0
2024-07-26,86317.62945678916,down_trend,19.0,0,,23,speculation_continuous_drop,3.0,-0.8025352408124257,-0.2045203786433698,1.0,3.0,1,0,1.0,0
2024-07-29,83851.54340221778,down_trend,19.0,0,,23,speculation_continuous_drop,2.0,-0.4884479958628619,0.31408724494956375,0.0,2.0,0,0,1.0,0
2024-07-30,81552.9701772335,down_trend,19.0,0,,23,speculation_continuous_drop,2.0,-0.4089693508415307,0.07947864502133123,0.0,2.0,0,0,1.0,0
2024-07-31,83106.77145835893,down_trend,19.0,0,,23,speculation_continuous_drop,1.0,-0.3534534596980052,0.05551589114352551,0.0,1.0,0,0,1.0,0
2024-08-01,81290.29307634766,down_trend,19.0,0,,23,speculation_continuous_drop,2.0,-0.5035341956411428,-0.1500807359431376,1.0,2.0,1,0,1.0,0
2024-08-02,81532.35371007798,down_trend,19.0,0,,23,speculation_continuous_drop,1.0,-0.4525993089496496,0.05093488669149315,0.0,1.0,0,0,1.0,0
2024-08-05,82017.50417081594,down_trend,19.0,0,,23,speculation_continuous_drop,2.0,-0.4886047490329692,-0.03600544008331957,1.0,2.0,1,0,1.0,0
2024-08-06,81851.07164513272,down_trend,19.0,0,,23,speculation_continuous_drop,3.0,-0.804870736566709,-0.31626598753373986,1.0,3.0,2,0,1.0,0
2024-08-07,80870.83524348213,down_trend,19.0,0,,23,speculation_continuous_drop,4.0,-0.9857478006792184,-0.18087706411250937,1.0,4.0,3,1,0.5,0
2024-08-08,79120.8357783956,down_trend,19.0,0,,23,speculation_continuous_drop,3.0,-0.675289478027933,0.31045832265128537,0.0,3.0,0,0,1.0,0
2024-08-09,78185.68052222083,down_trend,19.0,0,,23,speculation_continuous_drop,3.0,-0.6009908135029438,0.07429866452498923,0.0,3.0,0,0,1.0,0
2024-08-12,76617.80835070353,down_trend,19.0,1,19.0,23,speculation_continuous_drop,3.0,-0.8919087196943979,-0.2909179061914541,1.0,3.0,1,0,1.0,0
2024-08-13,77594.22204229198,down_trend,19.0,1,19.0,23,speculation_continuous_drop,2.0,-0.2870357877816833,0.6048729319127146,0.0,2.0,0,0,1.0,0
2024-08-14,74068.38924703021,down_trend,19.0,1,19.0,23,speculation_continuous_drop,1.0,-0.2629622025888128,0.024073585192870506,0.0,1.0,0,0,1.0,0
2024-08-15,73109.08419046688,up_trend,20.0,1,19.0,23,speculation_continuous_drop,2.0,-0.288297117448879,-0.02533491486006617,1.0,2.0,1,0,1.0,0
2024-08-16,73644.1083135831,up_trend,20.0,1,20.0,23,speculation_continuous_drop,3.0,-0.4377991882034184,-0.14950207075453942,1.0,3.0,2,0,1.0,0
2024-08-19,74049.11801897691,up_trend,20.0,1,20.0,23,speculation_continuous_drop,3.0,-0.473983409294017,-0.0361842210905986,1.0,3.0,3,0,1.0,0
2024-08-20,75685.96489642184,up_trend,20.0,1,20.0,23,speculation_continuous_drop,4.0,-0.5693542015082973,-0.0953707922142803,1.0,4.0,4,1,0.5,1
2024-08-21,78538.71756378718,up_trend,20.0,1,20.0,23,speculation_continuous_drop,4.0,0.0983043160887171,0.6676585175970144,0.0,4.0,0,1,0.5,1
2024-08-22,76187.72383019413,no_trend,,1,20.0,23,speculation_continuous_drop,4.0,-0.0508213056330445,-0.1491256217217616,1.0,4.0,1,1,0.5,1
2024-08-23,74170.68976556571,up_trend,21.0,1,20.0,23,speculation_continuous_drop,4.0,-0.4278164634716551,-0.3769951578386106,1.0,4.0,2,1,0.5,1
2024-08-26,75149.43115224813,up_trend,21.0,0,,23,speculation_continuous_drop,4.0,-0.4484189746273911,-0.020602511155736025,1.0,4.0,3,1,0.5,0
2024-08-27,76908.09248468594,up_trend,21.0,1,21.0,23,speculation_continuous_drop,3.0,-0.25841624672186,0.19000272790553113,0.0,3.0,0,0,1.0,0
2024-08-28,76577.4677293547,up_trend,21.0,1,21.0,23,speculation_continuous_drop,4.0,-0.3815396381552903,-0.12312339143343032,1.0,4.0,1,1,0.5,1
2024-08-29,77635.60654948912,up_trend,21.0,1,21.0,23,speculation_continuous_drop,3.0,-0.1199038190583069,0.2616358190969834,0.0,3.0,0,0,1.0,0
2024-08-30,79670.3611412982,down_trend,22.0,1,21.0,23,speculation_continuous_drop,2.0,-0.0361483925808941,0.0837554264774128,0.0,2.0,0,0,1.0,0
2024-09-02,76063.51256469205,down_trend,22.0,1,22.0,23,speculation_continuous_drop,1.0,0.0336313280477047,0.0697797206285988,0.0,1.0,0,0,1.0,0
2024-09-03,75779.22014440736,down_trend,22.0,1,22.0,23,speculation_continuous_drop,2.0,-0.3659452472550555,-0.3995765753027602,1.0,2.0,1,0,1.0,0
2024-09-04,74464.83057311413,down_trend,22.0,1,22.0,23,speculation_continuous_drop,2.0,-0.412551808923947,-0.04660656166889149,1.0,2.0,2,0,1.0,0
2024-09-05,71637.97283115204,up_trend,23.0,1,22.0,23,speculation_continuous_drop,2.0,-0.2012028439343351,0.2113489649896119,0.0,2.0,0,0,1.0,0
2024-09-06,71962.1838062655,up_trend,23.0,1,23.0,23,speculation_continuous_drop,2.0,-0.1811550006166892,0.02004784331764589,0.0,2.0,0,0,1.0,0
2024-09-09,73952.7171518374,up_trend,23.0,1,23.0,23,speculation_continuous_drop,3.0,-0.2582179665592307,-0.07706296594254147,1.0,3.0,1,0,1.0,0
2024-09-10,72964.25940309594,up_trend,23.0,1,23.0,23,speculation_continuous_drop,3.0,-0.3989647062132309,-0.1407467396540002,1.0,3.0,2,0,1.0,0
2024-09-11,79206.53066241814,down_trend,24.0,1,23.0,23,speculation_continuous_drop,2.0,0.5987226285877185,0.9976873348009494,0.0,2.0,0,0,1.0,0
2024-09-12,77773.4806643206,down_trend,24.0,1,23.0,23,speculation_continuous_drop,3.0,0.2315337608217665,-0.36718886776595205,1.0,3.0,1,0,1.0,0
2024-09-13,78366.63193556007,down_trend,24.0,1,23.0,23,speculation_continuous_drop,4.0,-0.2147243031639237,-0.44625806398569023,1.0,4.0,2,1,0.5,1
2024-09-18,76354.11342567294,down_trend,24.0,1,24.0,23,speculation_continuous_drop,4.0,-0.3189512814234624,-0.1042269782595387,1.0,4.0,3,1,0.5,1
2024-09-19,76761.51736972705,down_trend,24.0,1,24.0,23,speculation_continuous_drop,3.0,-0.2139981533294787,0.10495312809398372,0.0,3.0,0,0,1.0,0
2024-09-20,76442.39275010422,down_trend,24.0,1,24.0,23,speculation_continuous_drop,4.0,-0.4321042865335623,-0.21810613320408362,1.0,4.0,1,1,0.5,1
2024-09-23,75969.96293712065,up_trend,25.0,1,24.0,23,speculation_continuous_drop,3.0,-0.1300943239675029,0.3020099625660594,0.0,3.0,0,0,1.0,0
2024-09-24,77762.78708639389,up_trend,25.0,1,24.0,23,speculation_continuous_drop,3.0,-0.2747771373832664,-0.14468281341576353,1.0,3.0,1,0,1.0,0
2024-09-25,77032.46679007604,up_trend,25.0,1,25.0,23,speculation_continuous_drop,2.0,0.1639430601809544,0.4387201975642208,0.0,2.0,0,0,1.0,0
2024-09-26,78419.59841170204,up_trend,25.0,1,25.0,23,speculation_continuous_drop,3.0,-0.342117240646403,-0.5060603008273574,1.0,3.0,1,0,1.0,0
2024-09-27,78405.63276464526,up_trend,25.0,1,25.0,23,speculation_continuous_drop,2.0,0.0339602537419138,0.3760774943883168,0.0,2.0,0,0,1.0,0
2024-09-30,81153.9695800031,down_trend,26.0,1,25.0,23,speculation_continuous_drop,2.0,0.1957310388502066,0.1617707851082928,0.0,2.0,0,0,1.0,0
2024-10-08,78417.5237747879,down_trend,26.0,1,25.0,23,speculation_continuous_drop,1.0,0.3406219511191629,0.14489091226895628,0.0,1.0,0,0,1.0,0
2024-10-09,78291.12084694221,down_trend,26.0,1,25.0,23,speculation_continuous_drop,2.0,-0.4227048774959197,-0.7633268286150825,1.0,2.0,1,0,1.0,0
2024-10-10,75780.37389367344,down_trend,26.0,0,,23,speculation_continuous_drop,1.0,-0.2314746420555273,0.19123023544039236,0.0,1.0,0,0,1.0,0
2024-10-11,76262.85881030119,down_trend,26.0,0,,23,speculation_continuous_drop,2.0,-0.3421794332268595,-0.1107047911713322,1.0,2.0,1,0,1.0,0
2024-10-14,75536.2676969018,down_trend,26.0,1,26.0,23,speculation_continuous_drop,3.0,-0.4047027905402997,-0.06252335731344016,1.0,3.0,2,0,1.0,0
2024-10-15,76020.27350814737,down_trend,26.0,1,26.0,23,speculation_continuous_drop,4.0,-0.7221895947732964,-0.3174868042329967,1.0,4.0,3,1,0.5,1
2024-10-16,73657.42126601438,down_trend,26.0,1,26.0,23,speculation_continuous_drop,3.0,-0.5400537961301106,0.18213579864318574,0.0,3.0,0,0,1.0,0
2024-10-17,71155.55012631086,up_trend,27.0,1,26.0,23,speculation_continuous_drop,3.0,-0.3638422073177604,0.17621158881235022,0.0,3.0,0,0,1.0,0
2024-10-18,73344.36546078001,up_trend,27.0,1,26.0,23,speculation_continuous_drop,2.0,0.0230107586260123,0.3868529659437727,0.0,2.0,0,0,1.0,0
2024-10-21,71836.71817991731,up_trend,27.0,1,26.0,23,speculation_continuous_drop,2.0,-0.3541737873422012,-0.3771845459682135,1.0,2.0,1,0,1.0,0
2024-10-22,73184.4530845545,up_trend,27.0,0,,23,speculation_continuous_drop,1.0,-0.3045040540009031,0.049669733341298095,0.0,1.0,0,0,1.0,0
2024-10-23,74712.96420826833,up_trend,27.0,0,,23,speculation_continuous_drop,1.0,-0.2064413338030406,0.09806272019786247,0.0,1.0,0,0,1.0,0
2024-10-24,73931.34627080701,up_trend,27.0,0,,23,speculation_continuous_drop,2.0,-0.3824828198396102,-0.17604148603656958,1.0,2.0,1,0,1.0,0
2024-10-25,74447.44709765095,up_trend,27.0,0,,23,speculation_continuous_drop,3.0,-0.3849586769521851,-0.0024758571125749196,1.0,3.0,2,0,1.0,0
2024-10-28,76418.08107386471,up_trend,27.0,0,,23,speculation_continuous_drop,2.0,-0.1085216503091744,0.27643702664301073,0.0,2.0,0,0,1.0,0
2024-10-29,74929.00073954444,up_trend,27.0,0,,23,speculation_continuous_drop,3.0,-0.3856986658835866,-0.2771770155744122,1.0,3.0,1,0,1.0,0
2024-10-30,73953.90311256953,up_trend,27.0,0,,23,speculation_continuous_drop,3.0,-0.3549573591766546,0.03074130670693198,0.0,3.0,0,0,1.0,0
2024-10-31,75302.39799934936,up_trend,27.0,0,,23,speculation_continuous_drop,2.0,-0.1015023721726568,0.2534549870039978,0.0,2.0,0,0,1.0,0
2024-11-01,76922.33542754776,up_trend,27.0,0,,23,speculation_continuous_drop,1.0,0.1987275890706726,0.3002299612433294,0.0,1.0,0,0,1.0,0
2024-11-04,77707.3874380655,up_trend,27.0,0,,23,speculation_continuous_drop,2.0,-0.3032427121063368,-0.5019703011770094,1.0,2.0,1,0,1.0,0
2024-11-05,77801.46195448568,up_trend,27.0,0,,23,speculation_continuous_drop,1.0,-0.0968284757600428,0.206414236346294,0.0,1.0,0,0,1.0,0
2024-11-06,76414.65845473445,up_trend,27.0,0,,23,speculation_continuous_drop,1.0,-0.0176929031655618,0.07913557259448101,0.0,1.0,0,0,1.0,0
2024-11-07,77375.34409743991,up_trend,27.0,0,,23,speculation_continuous_drop,2.0,-0.5003722269204259,-0.4826793237548641,1.0,2.0,1,0,1.0,0
2024-11-08,76955.62128058964,up_trend,27.0,1,27.0,23,speculation_continuous_drop,2.0,-0.0584088585338813,0.44196336838654465,0.0,2.0,0,0,1.0,0
2024-11-11,81441.7980761562,up_trend,27.0,1,27.0,23,speculation_continuous_drop,1.0,0.0568775122992608,0.11528637083314211,0.0,1.0,0,0,1.0,0
2024-11-12,81585.02886396984,up_trend,27.0,1,27.0,23,speculation_continuous_drop,1.0,0.2296406229541261,0.1727631106548653,0.0,1.0,0,0,1.0,0
2024-11-13,86234.36081249446,up_trend,27.0,1,27.0,23,speculation_continuous_drop,1.0,0.455269096620352,0.22562847366622588,0.0,1.0,0,0,1.0,0
2024-11-14,81229.98394945613,no_trend,,1,27.0,23,speculation_continuous_drop,0.0,0.7556885724856357,0.3004194758652837,0.0,0.0,0,0,1.0,0
2024-11-15,78861.7496137252,no_trend,,1,27.0,23,speculation_continuous_drop,1.0,0.3131612374052611,-0.4425273350803746,1.0,1.0,1,0,1.0,0
2024-11-18,81313.84528807279,no_trend,,0,,23,speculation_continuous_drop,2.0,0.0131178367550321,-0.300043400650229,1.0,2.0,2,0,1.0,0
2024-11-19,82945.16938798178,no_trend,,0,,23,speculation_continuous_drop,2.0,0.2835217840195448,0.2704039472645127,0.0,2.0,0,0,1.0,0
2024-11-20,83069.64961439381,down_trend,28.0,0,,23,speculation_continuous_drop,3.0,0.2113379508554131,-0.07218383316413171,1.0,3.0,1,0,1.0,0
2024-11-21,82417.07326905093,down_trend,28.0,0,,23,speculation_continuous_drop,4.0,-0.0053777967116127,-0.2167157475670258,1.0,4.0,2,1,0.5,0
2024-11-22,80013.17702836446,down_trend,28.0,0,,23,speculation_continuous_drop,4.0,-0.0461798103470504,-0.0408020136354377,1.0,4.0,3,1,0.5,0
2024-11-25,80946.69230163954,down_trend,28.0,0,,23,speculation_continuous_drop,4.0,-0.2918001423525226,-0.2456203320054722,1.0,4.0,4,1,0.5,0
2024-11-26,79392.31455064192,down_trend,28.0,0,,23,speculation_continuous_drop,4.0,-0.2020661789383748,0.0897339634141478,0.0,4.0,0,1,0.5,0
2024-11-27,79372.12796872055,down_trend,28.0,0,,23,speculation_continuous_drop,4.0,-0.6153539328173045,-0.41328775387892974,1.0,4.0,1,1,0.5,0
2024-11-28,79245.5717853403,down_trend,28.0,0,,23,speculation_continuous_drop,3.0,-0.2377515009660253,0.3776024318512793,0.0,3.0,0,0,1.0,0
2024-11-29,79659.99598412053,down_trend,28.0,0,,23,speculation_continuous_drop,3.0,-0.3010781849446262,-0.06332668397860089,1.0,3.0,1,0,1.0,0
2024-12-02,79418.401502977,down_trend,28.0,0,,23,speculation_continuous_drop,3.0,-0.6595992672362233,-0.3585210822915971,1.0,3.0,2,0,1.0,0
2024-12-03,79033.94033072949,down_trend,28.0,0,,23,speculation_continuous_drop,3.0,-0.5681647742717948,0.09143449296442852,0.0,3.0,0,0,1.0,0
2024-12-04,77482.60954650804,down_trend,28.0,0,,23,speculation_continuous_drop,2.0,-0.3389592554961398,0.22920551877565498,0.0,2.0,0,0,1.0,0
2024-12-05,77805.58865865498,down_trend,28.0,0,,23,speculation_continuous_drop,3.0,-0.7577644083435299,-0.41880515284739006,1.0,3.0,1,0,1.0,0
2024-12-06,78072.82889918346,down_trend,28.0,0,,23,speculation_continuous_drop,2.0,-0.6045754510038351,0.15318895733969473,0.0,2.0,0,0,1.0,0
2024-12-09,78242.17250435396,down_trend,28.0,0,,23,speculation_continuous_drop,1.0,-0.5722276386500319,0.03234781235380324,0.0,1.0,0,0,1.0,0
2024-12-10,78292.41853809658,down_trend,28.0,0,,23,speculation_continuous_drop,1.0,-0.2739971363999046,0.2982305022501273,0.0,1.0,0,0,1.0,0
2024-12-11,78438.40527279452,down_trend,28.0,0,,23,speculation_continuous_drop,2.0,-0.8830375162830688,-0.6090403798831643,1.0,2.0,1,0,1.0,0
2024-12-12,78831.43105109982,down_trend,28.0,0,,23,speculation_continuous_drop,1.0,-0.7980970579720583,0.08494045831101049,0.0,1.0,0,0,1.0,0
2024-12-13,77574.58825446153,down_trend,28.0,0,,23,speculation_continuous_drop,1.0,-0.7350577450119276,0.06303931296013077,0.0,1.0,0,0,1.0,0
2024-12-16,77589.47237802156,down_trend,28.0,1,28.0,23,speculation_continuous_drop,1.0,-0.6069162076076109,0.12814153740431666,0.0,1.0,0,0,1.0,0
2024-12-17,76758.36463191843,down_trend,28.0,1,28.0,23,speculation_continuous_drop,2.0,-0.7407189733354872,-0.1338027657278763,1.0,2.0,1,0,1.0,0
2024-12-18,76074.4258131385,down_trend,28.0,1,28.0,23,speculation_continuous_drop,1.0,-0.5806304423030201,0.16008853103246712,0.0,1.0,0,0,1.0,0
2024-12-19,75646.59865128386,up_trend,29.0,1,28.0,23,speculation_continuous_drop,2.0,-0.6925080687698434,-0.11187762646682331,1.0,2.0,1,0,1.0,0
2024-12-20,76834.7565027762,up_trend,29.0,1,28.0,23,speculation_continuous_drop,2.0,-0.5761155085611237,0.11639256020871969,0.0,2.0,0,0,1.0,0
2024-12-23,76341.99427686159,up_trend,29.0,1,28.0,23,speculation_continuous_drop,3.0,-0.8468922587233039,-0.27077675016218017,1.0,3.0,1,0,1.0,0
2024-12-24,77258.71487875807,up_trend,29.0,0,,23,speculation_continuous_drop,2.0,-0.8223743826354291,0.024517876087874813,0.0,2.0,0,0,1.0,0
2024-12-25,76704.42082085463,up_trend,29.0,0,,23,speculation_continuous_drop,3.0,-0.8567026660264337,-0.03432828339100469,1.0,3.0,1,0,1.0,0
2024-12-26,76699.10754414125,up_trend,29.0,0,,23,speculation_continuous_drop,3.0,-0.9760107116659128,-0.11930804563947905,1.0,3.0,2,0,1.0,0
2024-12-27,75807.53043463978,up_trend,29.0,0,,23,speculation_continuous_drop,3.0,-0.7636437022623411,0.21236700940357167,0.0,3.0,0,0,1.0,0
2024-12-30,77402.32441373424,up_trend,29.0,0,,23,speculation_continuous_drop,2.0,-0.0481767408481124,0.7154669614142287,0.0,2.0,0,0,1.0,0
2024-12-31,76258.52010231103,up_trend,29.0,0,,23,speculation_continuous_drop,3.0,-0.5119568551259706,-0.46378011427785815,1.0,3.0,1,0,1.0,0
2025-01-02,77011.20558874552,up_trend,29.0,0,,23,speculation_continuous_drop,3.0,-0.528893034403922,-0.016936179277951435,1.0,3.0,2,0,1.0,0
2025-01-03,75787.7645076761,up_trend,29.0,0,,23,speculation_continuous_drop,2.0,-0.3825142659465788,0.1463787684573432,0.0,2.0,0,0,1.0,0
2025-01-06,77081.17974621737,up_trend,29.0,0,,23,speculation_continuous_drop,2.0,0.0579550825931468,0.4404693485397256,0.0,2.0,0,0,1.0,0
2025-01-07,78238.59709504947,up_trend,29.0,0,,23,speculation_continuous_drop,3.0,-0.1592220168160511,-0.2171770994091979,1.0,3.0,1,0,1.0,0
2025-01-08,76677.90832608871,up_trend,29.0,0,,23,speculation_continuous_drop,3.0,-0.3858306149216363,-0.22660859810558517,1.0,3.0,2,0,1.0,0
2025-01-09,77701.35477379091,up_trend,29.0,0,,23,speculation_continuous_drop,3.0,-0.6170998853201127,-0.23126927039847645,1.0,3.0,3,0,1.0,0
2025-01-10,77406.66711529455,up_trend,29.0,0,,23,speculation_continuous_drop,4.0,-0.7563491233906806,-0.13924923807056788,1.0,4.0,4,1,0.5,0
2025-01-13,78216.98265171045,up_trend,29.0,0,,23,speculation_continuous_drop,4.0,-0.4273513091216917,0.3289978142689889,0.0,4.0,0,1,0.5,0
2025-01-14,78628.28548595963,up_trend,29.0,0,,23,speculation_continuous_drop,4.0,-0.4649404711490107,-0.03758916202731899,1.0,4.0,1,1,0.5,0
2025-01-15,79763.03859380224,up_trend,29.0,1,29.0,23,speculation_continuous_drop,3.0,-0.0753747140775239,0.38956575707148683,0.0,3.0,0,0,1.0,0
2025-01-16,79447.37810758078,up_trend,29.0,1,29.0,23,speculation_continuous_drop,3.0,-0.6679780192402538,-0.5926033051627299,1.0,3.0,1,0,1.0,0
2025-01-17,80329.66888668691,up_trend,29.0,1,29.0,23,speculation_continuous_drop,2.0,-0.3864185130490085,0.2815595061912453,0.0,2.0,0,0,1.0,0
2025-01-20,80380.96737600217,down_trend,30.0,1,29.0,23,speculation_continuous_drop,2.0,-0.3827247982638317,0.0036937147851767715,0.0,2.0,0,0,1.0,0
2025-01-21,78269.97830043916,down_trend,30.0,1,29.0,23,speculation_continuous_drop,1.0,-0.1036873089499689,0.2790374893138628,0.0,1.0,0,0,1.0,0
2025-01-22,78915.04334667012,down_trend,30.0,1,29.0,23,speculation_continuous_drop,2.0,-0.9463089783775692,-0.8426216694276003,1.0,2.0,1,0,1.0,0
2025-01-23,79341.34431291292,down_trend,30.0,0,,23,speculation_continuous_drop,2.0,-0.9672657391407876,-0.020956760763218396,1.0,2.0,2,0,1.0,0
2025-01-24,79363.83698994215,down_trend,30.0,0,,23,speculation_continuous_drop,3.0,-1.144934293786955,-0.1776685546461675,1.0,3.0,3,0,1.0,0
2025-01-27,79427.6032237804,down_trend,30.0,0,,23,speculation_continuous_drop,3.0,-0.8912437860960658,0.2536905076908893,0.0,3.0,0,0,1.0,0
2025-02-05,78024.63140996407,down_trend,30.0,0,,23,speculation_continuous_drop,3.0,-0.7589723658661379,0.13227142022992788,0.0,3.0,0,0,1.0,0
2025-02-06,77450.23287346536,down_trend,30.0,0,,23,speculation_continuous_drop,3.0,-0.7718917507381416,-0.012919384872003725,1.0,3.0,1,0,1.0,0
2025-02-07,77712.90959194045,down_trend,30.0,0,,23,speculation_continuous_drop,2.0,-0.7695189119831563,0.0023728387549853958,0.0,2.0,0,0,1.0,0
2025-02-10,78516.0869336697,down_trend,30.0,0,,23,speculation_continuous_drop,1.0,-0.5035203008329053,0.2659986111502509,0.0,1.0,0,0,1.0,0
2025-02-11,77248.3300129702,down_trend,30.0,0,,23,speculation_continuous_drop,2.0,-0.6679017487356025,-0.16438144790269715,1.0,2.0,1,0,1.0,0
2025-02-12,77472.97311735935,down_trend,30.0,0,,23,speculation_continuous_drop,3.0,-1.0201591693480812,-0.35225742061247867,1.0,3.0,2,0,1.0,0
2025-02-13,77282.54287120473,down_trend,30.0,0,,23,speculation_continuous_drop,2.0,-0.9375309477764184,0.08262822157166272,0.0,2.0,0,0,1.0,0
2025-02-14,76778.3945553336,down_trend,30.0,0,,23,speculation_continuous_drop,2.0,-0.813327072445674,0.1242038753307444,0.0,2.0,0,0,1.0,0
2025-02-17,77152.29209240971,down_trend,30.0,0,,23,speculation_continuous_drop,3.0,-1.046421474235696,-0.23309440179002205,1.0,3.0,1,0,1.0,0
2025-02-18,77069.38997247192,down_trend,30.0,0,,23,speculation_continuous_drop,3.0,-1.2977186302151789,-0.25129715597948277,1.0,3.0,2,0,1.0,0
2025-02-19,77313.01845608462,down_trend,30.0,0,,23,speculation_continuous_drop,2.0,-1.1180207834588871,0.17969784675629175,0.0,2.0,0,0,1.0,0
2025-02-20,77216.24467162298,down_trend,30.0,0,,23,speculation_continuous_drop,2.0,-1.1105345586309794,0.007486224827907728,0.0,2.0,0,0,1.0,0
2025-02-21,76708.1847371373,down_trend,30.0,0,,23,speculation_continuous_drop,2.0,-0.9307431574091918,0.1797914012217876,0.0,2.0,0,0,1.0,0
2025-02-24,76851.0123250986,down_trend,30.0,0,,23,speculation_continuous_drop,2.0,-1.1149913648430727,-0.18424820743388093,1.0,2.0,1,0,1.0,0
2025-02-25,76777.67336116197,down_trend,30.0,0,,23,speculation_continuous_drop,1.0,-0.9391642353095,0.1758271295335727,0.0,1.0,0,0,1.0,0
2025-02-26,76178.82043329345,down_trend,30.0,0,,23,speculation_continuous_drop,1.0,-0.7683115507478833,0.17085268456161673,0.0,1.0,0,0,1.0,0
2025-02-27,76335.32661723981,down_trend,30.0,0,,23,speculation_continuous_drop,2.0,-1.0118107033651984,-0.24349915261731514,1.0,2.0,1,0,1.0,0
2025-02-28,75445.06941462003,down_trend,30.0,0,,23,speculation_continuous_drop,2.0,-0.8478889748716509,0.16392172849354747,0.0,2.0,0,0,1.0,0
2025-03-03,75680.27852450938,down_trend,30.0,0,,23,speculation_continuous_drop,2.0,-1.2049442398578514,-0.35705526498620044,1.0,2.0,1,0,1.0,0
2025-03-04,75527.12004578476,down_trend,30.0,0,,23,speculation_continuous_drop,3.0,-1.2934343778976378,-0.08849013803978645,1.0,3.0,2,0,1.0,0
2025-03-05,75599.01703994264,down_trend,30.0,0,,23,speculation_continuous_drop,3.0,-1.1104657642890756,0.1829686136085622,0.0,3.0,0,0,1.0,0
2025-03-06,77013.02660503009,down_trend,30.0,0,,23,speculation_continuous_drop,2.0,-0.7272059201552226,0.38325984413385306,0.0,2.0,0,0,1.0,0
2025-03-07,76397.8622895749,down_trend,30.0,0,,23,speculation_continuous_drop,2.0,-0.643634622676949,0.08357129747827352,0.0,2.0,0,0,1.0,0
2025-03-10,76014.01416184894,down_trend,30.0,0,,23,speculation_continuous_drop,2.0,-1.0799164261910437,-0.4362818035140946,1.0,2.0,1,0,1.0,0
2025-03-11,76210.66910874125,down_trend,30.0,0,,23,speculation_continuous_drop,2.0,-1.3219196729214324,-0.24200324673038875,1.0,2.0,2,0,1.0,0
2025-03-12,75867.29421672014,down_trend,30.0,0,,23,speculation_continuous_drop,3.0,-1.4272652129593393,-0.10534554003790686,1.0,3.0,3,0,1.0,0
2025-03-13,75593.69962979163,down_trend,30.0,0,,23,speculation_continuous_drop,4.0,-1.5317928184851757,-0.1045276055258364,1.0,4.0,4,1,0.5,0
2025-03-14,75804.69022146142,down_trend,30.0,0,,23,speculation_continuous_drop,4.0,-1.1919558574625957,0.33983696102258,0.0,4.0,0,1,0.5,0
2025-03-17,76478.7458593696,down_trend,30.0,0,,23,speculation_continuous_drop,3.0,-0.8677804977215231,0.3241753597410726,0.0,3.0,0,0,1.0,0
2025-03-18,75675.40676742094,down_trend,30.0,0,,23,speculation_continuous_drop,3.0,-0.8754896698987747,-0.007709172177251644,1.0,3.0,1,0,1.0,0
2025-03-19,75471.09885655322,down_trend,30.0,0,,23,speculation_continuous_drop,3.0,-1.5178422581760698,-0.642352588277295,1.0,3.0,2,0,1.0,0
2025-03-20,73571.8434436724,down_trend,30.0,0,,23,speculation_continuous_drop,2.0,-0.3003751208846147,1.2174671372914552,0.0,2.0,0,0,1.0,0
2025-03-21,73544.80495589854,down_trend,30.0,0,,23,speculation_continuous_drop,3.0,-0.7407467908384623,-0.4403716699538476,1.0,3.0,1,0,1.0,0
2025-03-24,74012.59724792495,down_trend,30.0,0,,23,speculation_continuous_drop,4.0,-1.2114405220558615,-0.4706937312173992,1.0,4.0,2,1,0.5,0
2025-03-25,74047.76297333329,down_trend,30.0,0,,23,speculation_continuous_drop,3.0,-1.0946153390495554,0.11682518300630607,0.0,3.0,0,0,1.0,0
2025-03-26,74670.51762388021,down_trend,30.0,0,,23,speculation_continuous_drop,2.0,-0.9152897676466436,0.17932557140291183,0.0,2.0,0,0,1.0,0
2025-03-27,74610.73315759437,down_trend,30.0,0,,23,speculation_continuous_drop,3.0,-0.9824448193687818,-0.0671550517221382,1.0,3.0,1,0,1.0,0
2025-03-28,74335.32282182087,down_trend,30.0,0,,23,speculation_continuous_drop,3.0,-1.0715067030750702,-0.08906188370628842,1.0,3.0,2,0,1.0,0
2025-03-31,74451.19477532287,down_trend,30.0,0,,23,speculation_continuous_drop,3.0,-1.1335636518657015,-0.06205694879063128,1.0,3.0,3,0,1.0,0
2025-04-01,74660.0485069908,down_trend,30.0,0,,23,speculation_continuous_drop,4.0,-1.2271868505892307,-0.0936231987235292,1.0,4.0,4,1,0.5,0
2025-04-02,73724.81222965005,down_trend,30.0,0,,23,speculation_continuous_drop,4.0,-0.8650564929507968,0.36213035763843393,0.0,4.0,0,1,0.5,0
2025-04-03,73560.76572671706,down_trend,30.0,0,,23,speculation_continuous_drop,4.0,-1.132005797640146,-0.2669493046893493,1.0,4.0,1,1,0.5,0
2025-04-07,71403.0454593066,down_trend,30.0,0,,23,speculation_continuous_drop,3.0,-0.411598364356919,0.7204074332832271,0.0,3.0,0,0,1.0,0
2025-04-08,70668.94100891167,down_trend,30.0,0,,23,speculation_continuous_drop,3.0,-0.5091519446380757,-0.09755358028115668,1.0,3.0,1,0,1.0,0
2025-04-09,70332.91160630052,down_trend,30.0,0,,23,speculation_continuous_drop,2.0,-0.4816621020059458,0.02748984263212989,0.0,2.0,0,0,1.0,0
2025-04-10,70997.73254985863,down_trend,30.0,0,,23,speculation_continuous_drop,3.0,-0.8441370413895702,-0.36247493938362446,1.0,3.0,1,0,1.0,0
2025-04-11,70709.07060622497,down_trend,30.0,0,,23,speculation_continuous_drop,3.0,-1.1277142053090847,-0.2835771639195145,1.0,3.0,2,0,1.0,0
2025-04-14,71103.20749790172,down_trend,30.0,0,,23,speculation_continuous_drop,3.0,-0.8746372263984689,0.25307697891061587,0.0,3.0,0,0,1.0,0
2025-04-15,71087.33323015014,down_trend,30.0,0,,23,speculation_continuous_drop,3.0,-1.4154603601596374,-0.5408231337611685,1.0,3.0,1,0,1.0,0
2025-04-16,70676.10144038187,down_trend,30.0,0,,23,speculation_continuous_drop,3.0,-0.9405393946605578,0.4749209654990796,0.0,3.0,0,0,1.0,0
2025-04-17,70755.53845674977,down_trend,30.0,0,,23,speculation_continuous_drop,3.0,-1.2209239588700518,-0.280384564209494,1.0,3.0,1,0,1.0,0
2025-04-18,70544.51105069152,down_trend,30.0,0,,23,speculation_continuous_drop,2.0,-0.7775074512596174,0.4434165076104344,0.0,2.0,0,0,1.0,0
2025-04-21,69349.62691828462,down_trend,30.0,0,,23,speculation_continuous_drop,2.0,-0.2624508841821059,0.5150565670775116,0.0,2.0,0,0,1.0,0
2025-04-22,68216.3455374353,down_trend,30.0,0,,23,speculation_continuous_drop,2.0,-0.5466367402701339,-0.284185856088028,1.0,2.0,1,0,1.0,0
2025-04-23,69295.07330352362,down_trend,30.0,0,,23,speculation_continuous_drop,2.0,-0.2817957911627661,0.2648409491073678,0.0,2.0,0,0,1.0,0
2025-04-24,68655.5618137744,down_trend,30.0,0,,23,speculation_continuous_drop,2.0,-0.9746947005064722,-0.6928989093437061,1.0,2.0,1,0,1.0,0
2025-04-25,68544.0040665526,down_trend,30.0,0,,23,speculation_continuous_drop,2.0,-0.8704280276114711,0.10426667289500113,0.0,2.0,0,0,1.0,0
2025-04-28,67343.98559387127,down_trend,30.0,0,,23,speculation_continuous_drop,2.0,-0.7053227615769886,0.1651052660344825,0.0,2.0,0,0,1.0,0
2025-04-29,66658.53716326776,down_trend,30.0,0,,23,speculation_continuous_drop,2.0,-0.835165384736747,-0.12984262315975836,1.0,2.0,1,0,1.0,0
2025-04-30,66346.92568750643,down_trend,30.0,0,,23,speculation_continuous_drop,3.0,-0.9150490990642058,-0.07988371432745889,1.0,3.0,2,0,1.0,0
2025-05-06,65658.632313789,down_trend,30.0,0,,23,speculation_continuous_drop,3.0,-1.082105312314012,-0.16705621324980624,1.0,3.0,3,0,1.0,0
2025-05-07,64611.30658092725,down_trend,30.0,0,,23,speculation_continuous_drop,3.0,-0.5174348997069816,0.5646704126070304,0.0,3.0,0,0,1.0,0
2025-05-08,64672.97073347205,down_trend,30.0,0,,23,speculation_continuous_drop,3.0,-0.1230862355859813,0.39434866412100034,0.0,3.0,0,0,1.0,0
2025-05-09,63483.57023953834,down_trend,30.0,0,,23,speculation_continuous_drop,3.0,-0.287181381145953,-0.16409514555997168,1.0,3.0,1,0,1.0,0
2025-05-12,64477.49195645231,down_trend,30.0,0,,23,speculation_continuous_drop,2.0,-0.1507575395248552,0.13642384162109777,0.0,2.0,0,0,1.0,0
2025-05-13,63720.1247390084,down_trend,30.0,0,,23,speculation_continuous_drop,2.0,-0.5658078479753204,-0.41505030845046514,1.0,2.0,1,0,1.0,0
2025-05-14,65636.47412455792,down_trend,30.0,0,,23,speculation_continuous_drop,2.0,0.0169391403173036,0.582746988292624,0.0,2.0,0,0,1.0,0
2025-05-15,64637.32099887484,down_trend,30.0,0,,23,speculation_continuous_drop,3.0,-0.5431978454398292,-0.5601369857571328,1.0,3.0,1,0,1.0,0
2025-05-16,62378.9077721526,down_trend,30.0,0,,23,speculation_continuous_drop,2.0,-0.3068346352292644,0.23636321021056478,0.0,2.0,0,0,1.0,0
2025-05-19,61767.72337741391,down_trend,30.0,0,,23,speculation_continuous_drop,3.0,-0.6623077819321731,-0.3554731467029087,1.0,3.0,1,0,1.0,0
2025-05-20,61410.48039010631,down_trend,30.0,0,,23,speculation_continuous_drop,2.0,-0.6262685234217008,0.036039258510472294,0.0,2.0,0,0,1.0,0
2025-05-21,61666.72993262753,down_trend,30.0,0,,23,speculation_continuous_drop,2.0,-0.530824788004879,0.09544373541682183,0.0,2.0,0,0,1.0,0
2025-05-22,62700.92719520752,down_trend,30.0,0,,23,speculation_continuous_drop,1.0,-0.0433366070271612,0.4874881809777178,0.0,1.0,0,0,1.0,0
2025-05-23,61600.95368648485,down_trend,30.0,0,,23,speculation_continuous_drop,2.0,-0.4037643513091751,-0.3604277442820139,1.0,2.0,1,0,1.0,0
2025-05-26,60674.24349891898,down_trend,30.0,1,30.0,23,speculation_continuous_drop,2.0,-0.5361158962401528,-0.13235154493097767,1.0,2.0,2,0,1.0,0
2025-05-27,61134.173435815785,down_trend,30.0,1,30.0,23,speculation_continuous_drop,2.0,-0.0315598625094781,0.5045560337306747,0.0,2.0,0,0,1.0,0
2025-05-28,60571.9693710746,down_trend,30.0,1,30.0,23,speculation_continuous_drop,3.0,-0.0509008942681862,-0.019341031758708098,1.0,3.0,1,0,1.0,0
2025-05-29,59083.59433364111,up_trend,31.0,1,30.0,23,speculation_continuous_drop,4.0,-0.0759512534123355,-0.025050359144149298,1.0,4.0,2,1,0.5,1
2025-05-30,59882.27550588198,up_trend,31.0,1,30.0,23,speculation_continuous_drop,3.0,0.0447129613367358,0.1206642147490713,0.0,3.0,0,0,1.0,0
2025-06-03,59959.14172818432,up_trend,31.0,1,30.0,23,speculation_continuous_drop,3.0,-0.2680922660979851,-0.3128052274347209,1.0,3.0,1,0,1.0,0
2025-06-04,61192.448698897606,up_trend,31.0,0,,23,speculation_continuous_drop,3.0,0.0855250060433742,0.3536172721413593,0.0,3.0,0,0,1.0,0
2025-06-05,60433.93792389253,up_trend,31.0,0,,23,speculation_continuous_drop,3.0,-0.4331751797082282,-0.5187001857516024,1.0,3.0,1,0,1.0,0
2025-06-06,60787.0270155572,up_trend,31.0,1,31.0,23,speculation_continuous_drop,2.0,-0.3232052790574816,0.10996990065074663,0.0,2.0,0,0,1.0,0
2025-06-09,60933.86127290809,up_trend,31.0,1,31.0,23,speculation_continuous_drop,3.0,-0.790489541761335,-0.4672842627038534,1.0,3.0,1,0,1.0,0
2025-06-10,60959.10759492531,up_trend,31.0,1,31.0,23,speculation_continuous_drop,2.0,-0.4437195730424946,0.3467699687188404,0.0,2.0,0,0,1.0,0
2025-06-11,61764.79946001634,down_trend,32.0,1,31.0,23,speculation_continuous_drop,2.0,-0.2090597430388667,0.2346598300036279,0.0,2.0,0,0,1.0,0
2025-06-12,60533.02846343082,down_trend,32.0,1,31.0,23,speculation_continuous_drop,2.0,-0.4409559155426136,-0.2318961725037469,1.0,2.0,1,0,1.0,0
2025-06-13,59913.17350047996,down_trend,32.0,1,31.0,23,speculation_continuous_drop,2.0,-0.4013537169000297,0.03960219864258391,0.0,2.0,0,0,1.0,0
2025-06-16,59922.27735912502,down_trend,32.0,0,,23,speculation_continuous_drop,2.0,-0.527832126826487,-0.12647840992645726,1.0,2.0,1,0,1.0,0
2025-06-17,59950.64910439944,down_trend,32.0,1,32.0,23,speculation_continuous_drop,3.0,-0.8156129393737324,-0.2877808125472454,1.0,3.0,2,0,1.0,0
2025-06-18,60025.524931649954,down_trend,32.0,1,32.0,23,speculation_continuous_drop,4.0,-0.8498643465504205,-0.034251407176688176,1.0,4.0,3,1,0.5,1
2025-06-19,60143.416111062805,down_trend,32.0,1,32.0,23,speculation_continuous_drop,4.0,-0.8977156181213714,-0.047851271570950815,1.0,4.0,4,1,0.5,1
2025-06-20,59074.355492316274,up_trend,33.0,1,32.0,23,speculation_continuous_drop,4.0,-0.3636223100663722,0.5340933080549992,0.0,4.0,0,1,0.5,1
2025-06-23,59161.95331525076,up_trend,33.0,1,32.0,23,speculation_continuous_drop,4.0,-0.6075460411313307,-0.24392373106495852,1.0,4.0,1,1,0.5,1
2025-06-24,60740.48313952015,up_trend,33.0,1,32.0,23,speculation_continuous_drop,3.0,0.3098768373992623,0.917422878530593,0.0,3.0,0,0,1.0,0
2025-06-25,60930.93942786819,up_trend,33.0,0,,23,speculation_continuous_drop,3.0,-0.3329232554079251,-0.6428000928071874,1.0,3.0,1,0,1.0,0
2025-06-26,61510.27137672392,up_trend,33.0,0,,23,speculation_continuous_drop,2.0,-0.232372229563762,0.10055102584416312,0.0,2.0,0,0,1.0,0
2025-06-27,63306.3318060167,up_trend,33.0,0,,23,speculation_continuous_drop,2.0,0.252341325695769,0.48471355525953097,0.0,2.0,0,0,1.0,0
2025-06-30,62290.83671838749,up_trend,33.0,0,,23,speculation_continuous_drop,2.0,-0.1880004209388695,-0.44034174663463854,1.0,2.0,1,0,1.0,0
2025-07-01,62735.91978325273,up_trend,33.0,0,,23,speculation_continuous_drop,3.0,-0.2003196400137265,-0.012319219074857002,1.0,3.0,2,0,1.0,0
2025-07-02,63902.8456296618,up_trend,33.0,0,,23,speculation_continuous_drop,2.0,0.1016263248388752,0.3019459648526017,0.0,2.0,0,0,1.0,0
2025-07-03,64016.21575214755,up_trend,33.0,0,,23,speculation_continuous_drop,3.0,-0.1675508217468001,-0.2691771465856753,1.0,3.0,1,0,1.0,0
2025-07-04,63281.473286125394,up_trend,33.0,0,,23,speculation_continuous_drop,4.0,-0.3184743946498274,-0.1509235729030273,1.0,4.0,2,1,0.5,0
2025-07-07,63640.78710775284,up_trend,33.0,0,,23,speculation_continuous_drop,4.0,-0.7331553113980166,-0.4146809167481892,1.0,4.0,3,1,0.5,0
2025-07-08,63852.96391279844,up_trend,33.0,0,,23,speculation_continuous_drop,3.0,0.1184731265457335,0.8516284379437501,0.0,3.0,0,0,1.0,0
2025-07-09,64345.94835454461,up_trend,33.0,0,,23,speculation_continuous_drop,4.0,-0.3386696151280244,-0.4571427416737579,1.0,4.0,1,1,0.5,0
2025-07-10,64200.907146477446,up_trend,33.0,0,,23,speculation_continuous_drop,3.0,-0.1741080411755667,0.1645615739524577,0.0,3.0,0,0,1.0,0
2025-07-11,64219.84222226659,up_trend,33.0,0,,23,speculation_continuous_drop,3.0,-0.1798187510502403,-0.00571070987467362,1.0,3.0,1,0,1.0,0
2025-07-14,66395.69311537778,up_trend,33.0,0,,23,speculation_continuous_drop,2.0,0.661180493443924,0.8409992444941643,0.0,2.0,0,0,1.0,0
2025-07-15,66527.51669513399,up_trend,33.0,0,,23,speculation_continuous_drop,3.0,0.3968213022006025,-0.2643591912433215,1.0,3.0,1,0,1.0,0
2025-07-16,66267.1792297835,up_trend,33.0,0,,23,speculation_continuous_drop,3.0,-0.0797281816024944,-0.4765494838030969,1.0,3.0,2,0,1.0,0
2025-07-17,67713.29837987259,up_trend,33.0,1,33.0,23,speculation_continuous_drop,3.0,0.4909439621285955,0.5706721437310899,0.0,3.0,0,0,1.0,0
2025-07-18,69403.89210736599,up_trend,33.0,1,33.0,23,speculation_continuous_drop,2.0,0.8014961074766556,0.3105521453480601,0.0,2.0,0,0,1.0,0
2025-07-21,70810.99092904947,up_trend,33.0,1,33.0,23,speculation_continuous_drop,3.0,0.4286458328670136,-0.372850274609642,1.0,3.0,1,0,1.0,0
2025-07-22,72385.3095290136,up_trend,33.0,1,33.0,23,speculation_continuous_drop,2.0,0.6821232694115161,0.25347743654450255,0.0,2.0,0,0,1.0,0
2025-07-23,69036.84822482467,no_trend,,1,33.0,23,speculation_continuous_drop,1.0,0.9500200744023276,0.2678968049908115,0.0,1.0,0,0,1.0,0
2025-07-24,75713.29861715241,no_trend,,1,33.0,23,speculation_continuous_drop,1.0,1.076419870527918,0.12639979612559038,0.0,1.0,0,0,1.0,0
2025-07-25,79578.45873826499,down_trend,34.0,0,,23,speculation_continuous_drop,2.0,0.6298952442370237,-0.4465246262908943,1.0,2.0,1,0,1.0,0
2025-07-28,71941.51540366371,down_trend,34.0,0,,23,speculation_continuous_drop,1.0,0.7076874925821914,0.07779224834516774,0.0,1.0,0,0,1.0,0
2025-07-29,70689.18065640068,down_trend,34.0,0,,23,speculation_continuous_drop,2.0,0.5923752285736149,-0.11531226400857653,1.0,2.0,1,0,1.0,0
2025-07-30,70620.67479784404,down_trend,34.0,0,,23,speculation_continuous_drop,2.0,0.7487398788718954,0.1563646502982805,0.0,2.0,0,0,1.0,0
2025-07-31,68703.83452237242,down_trend,34.0,1,34.0,23,speculation_continuous_drop,3.0,0.4882760824837865,-0.2604637963881089,1.0,3.0,1,0,1.0,0
2025-08-01,69249.5716319474,down_trend,34.0,1,34.0,23,speculation_continuous_drop,3.0,0.2082635351630899,-0.2800125473206966,1.0,3.0,2,0,1.0,0
2025-08-04,69151.97043703265,down_trend,34.0,1,34.0,23,speculation_continuous_drop,4.0,-0.0463348011631293,-0.2545983363262192,1.0,4.0,3,1,0.5,1
2025-08-05,68017.81882734837,up_trend,35.0,1,34.0,23,speculation_continuous_drop,3.0,0.1034214139645697,0.149756215127699,0.0,3.0,0,0,1.0,0
2025-08-06,69686.09121096708,up_trend,35.0,1,34.0,23,speculation_continuous_drop,4.0,-0.0736914690032746,-0.1771128829678443,1.0,4.0,1,1,0.5,1
2025-08-07,72313.15902511151,up_trend,35.0,1,34.0,23,speculation_continuous_drop,3.0,0.4943370627548843,0.5680285317581589,0.0,3.0,0,0,1.0,0
2025-08-08,76863.44762238451,up_trend,35.0,0,,23,speculation_continuous_drop,2.0,0.5212472915084235,0.02691022875353921,0.0,2.0,0,0,1.0,0
2025-08-11,80865.33115392516,up_trend,35.0,0,,23,speculation_continuous_drop,2.0,-2.13181269662177,-2.6530599881301935,1.0,2.0,1,0,1.0,0
2025-08-12,81799.26768464812,up_trend,35.0,0,,23,speculation_continuous_drop,2.0,0.9572856032996698,3.08909829992144,0.0,2.0,0,0,1.0,0
2025-08-13,84643.96629879496,up_trend,35.0,1,35.0,23,speculation_continuous_drop,2.0,0.6585274996485313,-0.29875810365113853,1.0,2.0,1,0,1.0,0
2025-08-14,84891.41961388514,up_trend,35.0,1,35.0,23,speculation_continuous_drop,3.0,0.5108471111894483,-0.14768038845908305,1.0,3.0,2,0,1.0,0
2025-08-15,86463.14350119753,up_trend,35.0,1,35.0,23,speculation_continuous_drop,4.0,0.2806488298149075,-0.23019828137454074,1.0,4.0,3,1,0.5,1
2025-08-18,88979.04766675524,down_trend,36.0,1,35.0,23,speculation_continuous_drop,3.0,0.437482793240315,0.1568339634254075,0.0,3.0,0,0,1.0,0
2025-08-19,87154.79860574917,down_trend,36.0,1,35.0,23,speculation_continuous_drop,4.0,0.0840009313059253,-0.35348186193438974,1.0,4.0,1,1,0.5,1
2025-08-20,80716.02111876692,down_trend,36.0,1,35.0,23,speculation_continuous_drop,3.0,0.3590259318086079,0.27502500050268264,0.0,3.0,0,0,1.0,0
2025-08-21,82184.98949650266,down_trend,36.0,0,,23,speculation_continuous_drop,3.0,0.23834677268924,-0.12067915911936791,1.0,3.0,1,0,1.0,0
2025-08-22,78588.09935150472,down_trend,36.0,0,,23,speculation_continuous_drop,2.0,0.4444542353827318,0.2061074626934918,0.0,2.0,0,0,1.0,0
2025-08-25,78983.59533723166,down_trend,36.0,0,,23,speculation_continuous_drop,3.0,0.0532734781934639,-0.3911807571892679,1.0,3.0,1,0,1.0,0
2025-08-26,78653.43867358014,down_trend,36.0,0,,23,speculation_continuous_drop,3.0,-0.0366259059072908,-0.0898993841007547,1.0,3.0,2,0,1.0,0
2025-08-27,78458.71875997793,down_trend,36.0,0,,23,speculation_continuous_drop,3.0,0.185464035533963,0.22208994144125382,0.0,3.0,0,0,1.0,0
2025-08-28,77644.83883485758,down_trend,36.0,0,,23,speculation_continuous_drop,2.0,0.3536255840085725,0.1681615484746095,0.0,2.0,0,0,1.0,0
2025-08-29,76802.60049974476,down_trend,36.0,0,,23,speculation_continuous_drop,3.0,-0.1461752334552263,-0.4998008174637988,1.0,3.0,1,0,1.0,0
2025-09-01,75324.13273249552,down_trend,36.0,0,,23,speculation_continuous_drop,2.0,-0.0286187748674866,0.11755645858773969,0.0,2.0,0,0,1.0,0
2025-09-02,72551.315962281,down_trend,36.0,0,,23,speculation_continuous_drop,1.0,0.0875337292233694,0.11615250409085599,0.0,1.0,0,0,1.0,0
2025-09-03,71909.32133259506,down_trend,36.0,0,,23,speculation_continuous_drop,2.0,-0.2491821291496102,-0.33671585837297957,1.0,2.0,1,0,1.0,0
2025-09-04,73398.86931908745,down_trend,36.0,0,,23,speculation_continuous_drop,2.0,0.1970377013215178,0.446219830471128,0.0,2.0,0,0,1.0,0
2025-09-05,74227.81051576181,down_trend,36.0,1,36.0,23,speculation_continuous_drop,1.0,0.2775604057567922,0.0805227044352744,0.0,1.0,0,0,1.0,0
2025-09-08,74776.68653775219,down_trend,36.0,1,36.0,23,speculation_continuous_drop,2.0,0.2196612103287803,-0.05789919542801189,1.0,2.0,1,0,1.0,0
2025-09-09,72925.30501241976,down_trend,36.0,1,36.0,23,speculation_continuous_drop,3.0,-0.0142872508931811,-0.2339484612219614,1.0,3.0,2,0,1.0,0
2025-09-10,70827.04237735186,up_trend,37.0,1,36.0,23,speculation_continuous_drop,2.0,0.2894031908943295,0.3036904417875106,0.0,2.0,0,0,1.0,0
2025-09-11,71180.7106156905,up_trend,37.0,1,36.0,23,speculation_continuous_drop,3.0,-0.3215203751665091,-0.6109235660608385,1.0,3.0,1,0,1.0,0
2025-09-12,71280.28673054207,up_trend,37.0,1,36.0,23,speculation_continuous_drop,4.0,-0.3760216348394565,-0.05450125967294739,1.0,4.0,2,1,0.5,1
2025-09-15,72799.4565240237,up_trend,37.0,0,,23,speculation_continuous_drop,3.0,-0.1638996598709886,0.2121219749684679,0.0,3.0,0,0,1.0,0
2025-09-16,73335.25232560298,up_trend,37.0,0,,23,speculation_continuous_drop,2.0,-0.1163040501976561,0.047595609673332484,0.0,2.0,0,0,1.0,0
2025-09-17,73784.71070237238,up_trend,37.0,0,,23,speculation_continuous_drop,3.0,-0.4960887833572136,-0.3797847331595575,1.0,3.0,1,0,1.0,0
2025-09-18,72980.54377817239,up_trend,37.0,0,,23,speculation_continuous_drop,2.0,-0.1012559729431154,0.39483281041409823,0.0,2.0,0,0,1.0,0
2025-09-19,74015.0978697927,up_trend,37.0,0,,23,speculation_continuous_drop,2.0,-0.4006326397831954,-0.29937666684008,1.0,2.0,1,0,1.0,0
2025-09-22,73552.11577405642,up_trend,37.0,0,,23,speculation_continuous_drop,2.0,-0.3048919133975847,0.09574072638561071,0.0,2.0,0,0,1.0,0
2025-09-23,73616.79634309075,up_trend,37.0,0,,23,speculation_continuous_drop,2.0,-0.0495524290097492,0.2553394843878355,0.0,2.0,0,0,1.0,0
2025-09-24,72877.51772622895,up_trend,37.0,0,,23,speculation_continuous_drop,2.0,-0.4240828408686841,-0.3745304118589349,1.0,2.0,1,0,1.0,0
2025-09-25,73966.6245575457,up_trend,37.0,0,,23,speculation_continuous_drop,2.0,-0.4159848875860876,0.008097953282596493,0.0,2.0,0,0,1.0,0
2025-09-26,72869.76578245863,up_trend,37.0,0,,23,speculation_continuous_drop,1.0,-0.0932408902989855,0.3227439972871021,0.0,1.0,0,0,1.0,0
2025-09-29,73840.64439353479,up_trend,37.0,0,,23,speculation_continuous_drop,1.0,-0.0570933181877825,0.036147572111202994,0.0,1.0,0,0,1.0,0
2025-09-30,72835.58795828783,up_trend,37.0,0,,23,speculation_continuous_drop,2.0,-0.4473511912483404,-0.39025787306055787,1.0,2.0,1,0,1.0,0
2025-10-09,73428.63143671412,up_trend,37.0,0,,23,speculation_continuous_drop,1.0,-0.2145152522328398,0.2328359390155006,0.0,1.0,0,0,1.0,0
2025-10-10,72930.97172346618,up_trend,37.0,0,,23,speculation_continuous_drop,2.0,-0.4253977871644677,-0.2108825349316279,1.0,2.0,1,0,1.0,0
2025-10-13,72518.54041722041,up_trend,37.0,0,,23,speculation_continuous_drop,3.0,-0.4516132241533332,-0.026215436988865526,1.0,3.0,2,0,1.0,0
2025-10-14,72817.30063893492,up_trend,37.0,0,,23,speculation_continuous_drop,3.0,-0.4235181674716767,0.028095056681656516,0.0,3.0,0,0,1.0,0
2025-10-15,72976.96043622174,up_trend,37.0,0,,23,speculation_continuous_drop,3.0,-0.6300207387847092,-0.2065025713130325,1.0,3.0,1,0,1.0,0
2025-10-16,74995.10715339353,up_trend,37.0,0,,23,speculation_continuous_drop,3.0,-0.2952090855517831,0.3348116532329261,0.0,3.0,0,0,1.0,0
2025-10-17,75753.86116644893,up_trend,37.0,0,,23,speculation_continuous_drop,2.0,0.0676075063376109,0.36281659188939397,0.0,2.0,0,0,1.0,0
2025-10-20,75863.93064959011,up_trend,37.0,0,,23,speculation_continuous_drop,2.0,-0.5669259201909042,-0.6345334265285151,1.0,2.0,1,0,1.0,0
2025-10-21,75890.41507819353,up_trend,37.0,0,,23,speculation_continuous_drop,3.0,-0.7005467165842276,-0.13362079639332347,1.0,3.0,2,0,1.0,0
2025-10-22,77060.78790431879,up_trend,37.0,0,,23,speculation_continuous_drop,2.0,-0.2766899036545154,0.4238568129297122,0.0,2.0,0,0,1.0,0
2025-10-23,79720.24378879322,up_trend,37.0,0,,23,speculation_continuous_drop,2.0,-0.1530240480222876,0.12366585563222779,0.0,2.0,0,0,1.0,0
2025-10-24,79399.00301292715,up_trend,37.0,0,,23,speculation_continuous_drop,2.0,0.0623678166338737,0.2153918646561613,0.0,2.0,0,0,1.0,0
2025-10-27,81770.0015767604,up_trend,37.0,1,37.0,23,speculation_continuous_drop,2.0,-0.2124468222205771,-0.2748146388544508,1.0,2.0,1,0,1.0,0
2025-10-28,81468.53358311905,up_trend,37.0,1,37.0,23,speculation_continuous_drop,1.0,0.0837428673871411,0.2961896896077182,0.0,1.0,0,0,1.0,0
2025-10-29,82742.55279509487,up_trend,37.0,1,37.0,23,speculation_continuous_drop,2.0,-0.0479905236940014,-0.1317333910811425,1.0,2.0,1,0,1.0,0
2025-10-30,83298.19290610154,up_trend,37.0,1,37.0,23,speculation_continuous_drop,2.0,0.1275767848062199,0.1755673085002213,0.0,2.0,0,0,1.0,0
2025-10-31,80702.71595711434,no_trend,,1,37.0,23,speculation_continuous_drop,2.0,0.2368453229214352,0.10926853811521531,0.0,2.0,0,0,1.0,0
2025-11-03,82198.87581014527,no_trend,,1,37.0,23,speculation_continuous_drop,2.0,-0.1939891362290626,-0.4308344591504978,1.0,2.0,1,0,1.0,0
2025-11-04,78692.84692417741,up_trend,38.0,0,,23,speculation_continuous_drop,2.0,0.3994719784277493,0.5934611146568118,0.0,2.0,0,0,1.0,0
2025-11-05,79192.40572818888,up_trend,38.0,0,,23,speculation_continuous_drop,2.0,-0.2309901722587907,-0.63046215068654,1.0,2.0,1,0,1.0,0
2025-11-06,80510.1420147731,up_trend,38.0,0,,23,speculation_continuous_drop,2.0,-0.1907688512717061,0.04022132098708461,0.0,2.0,0,0,1.0,0
2025-11-07,82428.04396778831,up_trend,38.0,0,,23,speculation_continuous_drop,2.0,0.1603884218280704,0.3511572730997765,0.0,2.0,0,0,1.0,0
2025-11-10,87263.16601087779,up_trend,38.0,0,,23,speculation_continuous_drop,1.0,0.2809033576792054,0.12051493585113499,0.0,1.0,0,0,1.0,0
2025-11-11,86597.97612100946,up_trend,38.0,0,,23,speculation_continuous_drop,2.0,0.1257770649202156,-0.1551262927589898,1.0,2.0,1,0,1.0,0
2025-11-12,86625.2703334333,up_trend,38.0,0,,23,speculation_continuous_drop,1.0,0.3425319760326358,0.2167549111124202,0.0,1.0,0,0,1.0,0
2025-11-13,87885.28761296567,up_trend,38.0,0,,23,speculation_continuous_drop,2.0,0.292074385762664,-0.05045759026997182,1.0,2.0,1,0,1.0,0
2025-11-14,87524.8517046308,up_trend,38.0,1,38.0,23,speculation_continuous_drop,3.0,-0.0870395837451496,-0.37911396950781356,1.0,3.0,2,0,1.0,0
2025-11-17,95362.68556890875,up_trend,38.0,1,38.0,23,speculation_continuous_drop,3.0,0.5031669400595563,0.590206523804706,0.0,3.0,0,0,1.0,0
2025-11-18,93815.03801262262,up_trend,38.0,1,38.0,23,speculation_continuous_drop,2.0,0.6703367240686223,0.167169784009066,0.0,2.0,0,0,1.0,0
2025-11-19,99785.99208447618,up_trend,38.0,1,38.0,23,speculation_continuous_drop,2.0,0.7972606264922603,0.12692390242363794,0.0,2.0,0,0,1.0,0
2025-11-20,99487.06486152818,no_trend,,1,38.0,23,speculation_continuous_drop,1.0,0.8433411311226615,0.04608050463040125,0.0,1.0,0,0,1.0,0
2025-11-21,91473.83576451118,no_trend,,1,38.0,23,speculation_continuous_drop,1.0,0.7466188975454795,-0.09672223357718202,1.0,1.0,1,0,1.0,0
2025-11-24,91310.30934205856,no_trend,,0,,23,speculation_continuous_drop,2.0,-0.0055988413035321,-0.7522177388490116,1.0,2.0,2,0,1.0,0
2025-11-25,96559.5923121724,down_trend,39.0,0,,23,speculation_continuous_drop,2.0,0.2018245616060854,0.2074234029096175,0.0,2.0,0,0,1.0,0
2025-11-26,95686.16019824593,down_trend,39.0,0,,23,speculation_continuous_drop,2.0,0.2493922458071137,0.047567684201028304,0.0,2.0,0,0,1.0,0
2025-11-27,95245.89217620356,down_trend,39.0,0,,23,speculation_continuous_drop,3.0,0.0244990994933621,-0.2248931463137516,1.0,3.0,1,0,1.0,0
2025-11-28,95819.86815120305,down_trend,39.0,0,,23,speculation_continuous_drop,3.0,-0.2410465987862632,-0.2655456982796253,1.0,3.0,2,0,1.0,0
2025-12-01,96392.8420646492,down_trend,39.0,0,,23,speculation_continuous_drop,3.0,-0.3259893239733702,-0.08494272518710702,1.0,3.0,3,0,1.0,0
2025-12-02,96029.9968753506,down_trend,39.0,1,39.0,23,speculation_continuous_drop,4.0,-0.585978044618334,-0.2599887206449638,1.0,4.0,4,1,0.5,1
2025-12-03,93184.9829012468,down_trend,39.0,1,39.0,23,speculation_continuous_drop,4.0,-0.1946277273691737,0.39135031724916036,0.0,4.0,0,1,0.5,1
2025-12-04,93290.9207135939,down_trend,39.0,1,39.0,23,speculation_continuous_drop,3.0,-0.1739451707556575,0.0206825566135162,0.0,3.0,0,0,1.0,0
2025-12-05,91762.80919857872,up_trend,40.0,1,39.0,23,speculation_continuous_drop,3.0,-0.5040661887699388,-0.3301210180142813,1.0,3.0,1,0,1.0,0
2025-12-08,94412.5482067781,up_trend,40.0,1,39.0,23,speculation_continuous_drop,2.0,-0.2783711266978205,0.2256950620721183,0.0,2.0,0,0,1.0,0
2025-12-09,92396.22369720136,up_trend,40.0,1,39.0,23,speculation_continuous_drop,2.0,-0.4407027185020209,-0.16233159180420043,1.0,2.0,1,0,1.0,0
2025-12-10,95566.96369037496,up_trend,40.0,0,,23,speculation_continuous_drop,2.0,-0.279605075583625,0.1610976429183959,0.0,2.0,0,0,1.0,0
2025-12-11,98510.09342365916,up_trend,40.0,0,,23,speculation_continuous_drop,2.0,-0.1489085010122777,0.1306965745713473,0.0,2.0,0,0,1.0,0
2025-12-12,97397.64133122387,up_trend,40.0,0,,23,speculation_continuous_drop,1.0,-0.1228191664329722,0.026089334579305512,0.0,1.0,0,0,1.0,0
2025-12-15,100757.24435037804,up_trend,40.0,0,,23,speculation_continuous_drop,2.0,-0.2378394368412476,-0.1150202704082754,1.0,2.0,1,0,1.0,0
2025-12-16,100362.44145363112,up_trend,40.0,0,,23,speculation_continuous_drop,2.0,-0.3730625336206029,-0.1352230967793553,1.0,2.0,2,0,1.0,0
2025-12-17,108400.26703020018,up_trend,40.0,0,,23,speculation_continuous_drop,2.0,0.3274873999941869,0.7005499336147898,0.0,2.0,0,0,1.0,0
2025-12-18,106093.20558115456,up_trend,40.0,0,,23,speculation_continuous_drop,3.0,0.2068493552607957,-0.12063804473339121,1.0,3.0,1,0,1.0,0
2025-12-19,111306.9801743984,up_trend,40.0,0,,23,speculation_continuous_drop,4.0,0.132808986731991,-0.07404036852880469,1.0,4.0,2,1,0.5,0
2025-12-22,114367.91199111343,up_trend,40.0,0,,23,speculation_continuous_drop,3.0,0.2234361420402812,0.09062715530829019,0.0,3.0,0,0,1.0,0
2025-12-23,120307.89126146983,up_trend,40.0,1,40.0,23,speculation_continuous_drop,3.0,-0.0972804488277718,-0.320716590868053,1.0,3.0,1,0,1.0,0
2025-12-24,124702.76002600374,up_trend,40.0,1,40.0,23,speculation_continuous_drop,3.0,0.2214649190915442,0.318745367919316,0.0,3.0,0,0,1.0,0
2025-12-25,123776.4832185734,up_trend,40.0,1,40.0,23,speculation_continuous_drop,2.0,0.3568638930981281,0.1353989740065839,0.0,2.0,0,0,1.0,0
2025-12-26,130537.55436496645,up_trend,40.0,1,40.0,23,speculation_continuous_drop,2.0,-0.3528821748199254,-0.7097460679180535,1.0,2.0,1,0,1.0,0
2025-12-29,119352.66209023353,up_trend,41.0,1,40.0,23,speculation_continuous_drop,2.0,0.2044513504583084,0.5573335252782338,0.0,2.0,0,0,1.0,0
2025-12-30,121834.2382644608,up_trend,41.0,1,40.0,23,speculation_continuous_drop,2.0,-0.2149732176400139,-0.4194245680983223,1.0,2.0,1,0,1.0,0
2025-12-31,121962.10617464282,up_trend,41.0,0,,23,speculation_continuous_drop,3.0,-0.2895176207278666,-0.07454440308785268,1.0,3.0,2,0,1.0,0
2026-01-05,130229.31378172876,up_trend,41.0,0,,23,speculation_continuous_drop,4.0,-0.4849122867235071,-0.19539466599564054,1.0,4.0,3,1,0.5,0
2026-01-06,138166.55286437558,up_trend,41.0,0,,23,speculation_continuous_drop,4.0,-0.6208730800024855,-0.13596079327897842,1.0,4.0,4,1,0.5,0
2026-01-07,142526.30217623973,up_trend,41.0,0,,23,speculation_continuous_drop,4.0,-0.2685744452353813,0.3522986347671042,0.0,4.0,0,1,0.5,0
2026-01-08,145184.63443672733,up_trend,41.0,1,41.0,23,speculation_continuous_drop,3.0,0.1459065966656745,0.41448104190105584,0.0,3.0,0,0,1.0,0
2026-01-09,143679.74584338462,up_trend,41.0,1,41.0,23,speculation_continuous_drop,3.0,-0.1002266775556375,-0.24613327422131198,1.0,3.0,1,0,1.0,0
2026-01-12,156509.00456927586,up_trend,41.0,1,41.0,23,speculation_continuous_drop,3.0,-2.048276988712398,-1.9480503111567606,1.0,3.0,2,0,1.0,0
2026-01-13,167443.3787281536,up_trend,41.0,1,41.0,23,speculation_continuous_drop,2.0,0.2710447601278082,2.3193217488402063,0.0,2.0,0,0,1.0,0
2026-01-14,162417.9492236421,no_trend,,1,41.0,23,speculation_continuous_drop,3.0,0.2039575598740982,-0.06708720025371001,1.0,3.0,1,0,1.0,0
2026-01-15,163539.22487832644,no_trend,,1,41.0,23,speculation_continuous_drop,4.0,-0.2952553136831591,-0.4992128735572573,1.0,4.0,2,1,0.5,1
2026-01-16,146675.0696779114,up_trend,42.0,0,,23,speculation_continuous_drop,3.0,0.0622493221676986,0.3575046358508577,0.0,3.0,0,0,1.0,0
2026-01-19,147638.95940083844,up_trend,42.0,0,,23,speculation_continuous_drop,3.0,-0.5797624354746617,-0.6420117576423603,1.0,3.0,1,0,1.0,0
2026-01-20,160827.26077906342,up_trend,42.0,1,42.0,23,speculation_continuous_drop,3.0,-0.3035120034398991,0.27625043203476257,0.0,3.0,0,0,1.0,0
2026-01-21,167131.02281302467,up_trend,42.0,1,42.0,23,speculation_continuous_drop,3.0,-0.542576553478346,-0.2390645500384469,1.0,3.0,1,0,1.0,0
2026-01-22,169161.99374638853,up_trend,42.0,1,42.0,23,speculation_continuous_drop,2.0,-0.3598550643321824,0.1827214891461636,0.0,2.0,0,0,1.0,0
2026-01-23,182015.7536821401,up_trend,42.0,1,42.0,23,speculation_continuous_drop,3.0,-0.6547948101023359,-0.29493974577015347,1.0,3.0,1,0,1.0,0
2026-01-26,166009.76492428427,no_trend,,1,42.0,23,speculation_continuous_drop,2.0,0.0106777195191791,0.6654725296215149,0.0,2.0,0,0,1.0,0
2026-01-27,179713.01714470427,down_trend,43.0,1,42.0,23,speculation_continuous_drop,3.0,-0.4577738194390783,-0.4684515389582574,1.0,3.0,1,0,1.0,0
2026-01-28,166500.5262425135,down_trend,43.0,1,43.0,23,speculation_continuous_drop,2.0,-0.2113272012620097,0.2464466181770686,0.0,2.0,0,0,1.0,0
2026-01-29,165121.7396866089,down_trend,43.0,1,43.0,23,speculation_continuous_drop,2.0,-0.1290632614867201,0.08226393977528962,0.0,2.0,0,0,1.0,0
2026-01-30,148314.44471031165,down_trend,43.0,1,43.0,23,speculation_continuous_drop,1.0,0.0515170588057652,0.1805803202924853,0.0,1.0,0,0,1.0,0
2026-02-02,133342.39018163507,down_trend,43.0,1,43.0,23,speculation_continuous_drop,1.0,0.2424578782854278,0.1909408194796626,0.0,1.0,0,0,1.0,0
2026-02-03,148148.53656549432,no_trend,,1,43.0,23,speculation_continuous_drop,1.0,0.1407984180765988,-0.10165946020882902,1.0,1.0,1,0,1.0,0
2026-02-04,147213.1328400901,no_trend,,1,43.0,23,speculation_continuous_drop,2.0,-0.5513564731785336,-0.6921548912551324,1.0,2.0,2,0,1.0,0
2026-02-05,132814.57151833372,up_trend,44.0,0,,23,speculation_continuous_drop,2.0,0.0832166726666991,0.6345731458452327,0.0,2.0,0,0,1.0,0
2026-02-06,132968.39444268707,up_trend,44.0,0,,23,speculation_continuous_drop,2.0,0.2007294887742793,0.11751281610758019,0.0,2.0,0,0,1.0,0
2026-02-09,137044.41469712753,up_trend,44.0,0,,23,speculation_continuous_drop,3.0,-0.4819467116344778,-0.6826762004087571,1.0,3.0,1,0,1.0,0
2026-02-10,137370.01178127245,up_trend,44.0,0,,23,speculation_continuous_drop,3.0,-0.5858221491400354,-0.10387543750555761,1.0,3.0,2,0,1.0,0
2026-02-11,150305.970077088,up_trend,44.0,0,,23,speculation_continuous_drop,2.0,-0.4238281845442276,0.16199396459580778,0.0,2.0,0,0,1.0,0
2026-02-12,149360.96852418713,up_trend,44.0,0,,23,speculation_continuous_drop,3.0,-0.540780895560369,-0.11695271101614141,1.0,3.0,1,0,1.0,0
2026-02-13,152753.48003580244,up_trend,44.0,0,,23,speculation_continuous_drop,4.0,-0.5544443856328745,-0.013663490072505446,1.0,4.0,2,1,0.5,0
2026-02-24,164441.36907815718,up_trend,44.0,1,44.0,23,speculation_continuous_drop,4.0,-0.830299284393825,-0.2758548987609506,1.0,4.0,3,1,0.5,1
2026-02-25,166719.06548834938,up_trend,44.0,1,44.0,23,speculation_continuous_drop,3.0,-0.5215310602999198,0.30876822409390525,0.0,3.0,0,0,1.0,0
2026-02-26,173825.49544508551,up_trend,44.0,1,44.0,23,speculation_continuous_drop,3.0,-0.2727987524623073,0.24873230783761252,0.0,3.0,0,0,1.0,0
2026-02-27,176159.30346692898,up_trend,44.0,1,44.0,23,speculation_continuous_drop,3.0,-0.662659507429595,-0.3898607549672877,1.0,3.0,1,0,1.0,0
2026-03-02,172306.22544204665,no_trend,,1,44.0,23,speculation_continuous_drop,3.0,-0.871339398369802,-0.208679890940207,1.0,3.0,2,0,1.0,0
2026-03-03,151111.41966204415,up_trend,45.0,1,44.0,23,speculation_continuous_drop,2.0,-0.1061183433578977,0.7652210550119043,0.0,2.0,0,0,1.0,0
2026-03-04,153158.99257623355,up_trend,45.0,0,,23,speculation_continuous_drop,3.0,-0.4772774853887859,-0.3711591420308882,1.0,3.0,1,0,1.0,0
2026-03-05,155753.50580089225,up_trend,45.0,1,45.0,23,speculation_continuous_drop,4.0,-0.4879877228265748,-0.010710237437788928,1.0,4.0,2,1,0.5,1
2026-03-06,156224.18158616606,up_trend,45.0,1,45.0,23,speculation_continuous_drop,4.0,-0.774019476374786,-0.28603175354821114,1.0,4.0,3,1,0.5,1
2026-03-09,161052.2058880024,up_trend,45.0,1,45.0,23,speculation_continuous_drop,3.0,-0.1993863390678192,0.5746331373069667,0.0,3.0,0,0,1.0,0
2026-03-10,162775.55999529533,up_trend,45.0,1,45.0,23,speculation_continuous_drop,4.0,-0.7783110639803302,-0.578924724912511,1.0,4.0,1,1,0.5,1
2026-03-11,155068.5139548409,no_trend,,1,45.0,23,speculation_continuous_drop,3.0,-0.5960659272958511,0.18224513668447917,0.0,3.0,0,0,1.0,0
2026-03-12,156904.13267108024,no_trend,,1,45.0,23,speculation_continuous_drop,3.0,-0.819323908703489,-0.22325798140763797,1.0,3.0,1,0,1.0,0
2026-03-13,151920.0499496449,no_trend,,0,,23,speculation_continuous_drop,2.0,-0.5452646755990004,0.27405923310448865,0.0,2.0,0,0,1.0,0
2026-03-16,159427.7361593808,no_trend,,0,,23,speculation_continuous_drop,3.0,-0.7114739179125248,-0.1662092423135244,1.0,3.0,1,0,1.0,0
2026-03-17,155185.8311259772,no_trend,,0,,23,speculation_continuous_drop,3.0,-1.0006313647212044,-0.2891574468086796,1.0,3.0,2,0,1.0,0
2026-03-18,149994.04411610722,no_trend,,0,,23,speculation_continuous_drop,3.0,-0.8308824106525322,0.1697489540686722,0.0,3.0,0,0,1.0,0
2026-03-19,142430.6882440164,up_trend,46.0,0,,23,speculation_continuous_drop,2.0,-0.4017758741783431,0.4291065364741891,0.0,2.0,0,0,1.0,0
2026-03-20,143660.4268451198,up_trend,46.0,0,,23,speculation_continuous_drop,3.0,-0.5589577070347908,-0.15718183285644766,1.0,3.0,1,0,1.0,0
2026-03-23,148815.72265010673,up_trend,46.0,0,,23,speculation_continuous_drop,3.0,-0.6577540146224342,-0.09879630758764346,1.0,3.0,2,0,1.0,0
2026-03-24,152727.3263218168,up_trend,46.0,0,,23,speculation_continuous_drop,2.0,-0.6499353261282232,0.007818688494210968,0.0,2.0,0,0,1.0,0
2026-03-25,158945.7324509358,up_trend,46.0,1,46.0,23,speculation_continuous_drop,2.0,-0.5825903957207291,0.06734493040749412,0.0,2.0,0,0,1.0,0
2026-03-26,157454.56882734704,up_trend,46.0,1,46.0,23,speculation_continuous_drop,2.0,-0.4794890796022106,0.10310131611851853,0.0,2.0,0,0,1.0,0
2026-03-27,168724.35994949972,up_trend,46.0,1,46.0,23,speculation_continuous_drop,1.0,-0.2689398453319991,0.2105492342702115,0.0,1.0,0,0,1.0,0
2026-03-30,172017.1987204765,down_trend,47.0,1,46.0,23,speculation_continuous_drop,1.0,-0.7422578859823927,-0.4733180406503936,1.0,1.0,1,0,1.0,0
2026-03-31,157514.20618042158,down_trend,47.0,1,46.0,23,speculation_continuous_drop,1.0,-0.2515326141525883,0.4907252718298044,0.0,1.0,0,0,1.0,0
2026-04-01,158636.02933433265,down_trend,47.0,1,46.0,23,speculation_continuous_drop,2.0,-0.5174988743733379,-0.26596626022074954,1.0,2.0,1,0,1.0,0
2026-04-02,159586.32301378658,down_trend,47.0,0,,23,speculation_continuous_drop,3.0,-0.6034157773860938,-0.0859169030127559,1.0,3.0,2,0,1.0,0
2026-04-03,157304.77507906873,down_trend,47.0,1,47.0,23,speculation_continuous_drop,4.0,-0.9681879234432618,-0.364772146057168,1.0,4.0,3,1,0.5,1
2026-04-07,160101.29900385477,down_trend,47.0,1,47.0,23,speculation_continuous_drop,3.0,-0.7365212455673245,0.2316666778759373,0.0,3.0,0,0,1.0,0
2026-04-08,158974.50245753967,down_trend,47.0,1,47.0,23,speculation_continuous_drop,3.0,-0.5214739454266376,0.21504730014068685,0.0,3.0,0,0,1.0,0
2026-04-09,152942.5090462755,up_trend,48.0,1,47.0,23,speculation_continuous_drop,2.0,-0.4683681892158458,0.05310575621079183,0.0,2.0,0,0,1.0,0
2026-04-10,156580.24321692667,up_trend,48.0,1,47.0,23,speculation_continuous_drop,2.0,-0.639066355975902,-0.17069816676005622,1.0,2.0,1,0,1.0,0
2026-04-13,165253.6425236836,up_trend,48.0,1,47.0,23,speculation_continuous_drop,1.0,-0.4842665947589002,0.15479976121700179,0.0,1.0,0,0,1.0,0
2026-04-14,165726.01561415734,up_trend,48.0,0,,23,speculation_continuous_drop,2.0,-0.8617310188065685,-0.37746442404766833,1.0,2.0,1,0,1.0,0
2026-04-15,167597.8893141183,up_trend,48.0,1,48.0,23,speculation_continuous_drop,2.0,-0.7071265163241406,0.15460450248242796,0.0,2.0,0,0,1.0,0
2026-04-16,174808.15542584294,up_trend,48.0,1,48.0,23,speculation_continuous_drop,2.0,-0.6616860263078379,0.04544049001630268,0.0,2.0,0,0,1.0,0
2026-04-17,176407.07757473504,up_trend,48.0,1,48.0,23,speculation_continuous_drop,2.0,-0.9410445848436996,-0.27935855853586167,1.0,2.0,1,0,1.0,0
2026-04-20,179142.06795832145,up_trend,48.0,1,48.0,23,speculation_continuous_drop,3.0,-0.9729081196838788,-0.03186353484017923,1.0,3.0,2,0,1.0,0
2026-04-21,173314.40311129903,no_trend,,1,48.0,23,speculation_continuous_drop,2.0,-0.5325165917322422,0.4403915279516366,0.0,2.0,0,0,1.0,0
2026-04-22,174334.01330315473,no_trend,,1,48.0,23,speculation_continuous_drop,3.0,-1.082854532700782,-0.5503379409685397,1.0,3.0,1,0,1.0,0
2026-04-23,177035.88377416777,no_trend,,0,,23,speculation_continuous_drop,3.0,-0.8978549679183783,0.18499956478240365,0.0,3.0,0,0,1.0,0
2026-04-24,177063.7011234587,no_trend,,0,,23,speculation_continuous_drop,2.0,-0.8749513091686485,0.02290365874972977,0.0,2.0,0,0,1.0,0
