date,close,trend,segment_id,is_reversal_window,reversal_segment_id,factor_id,factor_name,factor_value,open_interest,oi_change_rate,signal,position_scale,is_effective_signal
2023-07-21,214134.19913419912,no_trend,,0,,41,oi_change_rate,,8085.0,,0,1.0,0
2023-07-24,201296.54778235024,up_trend,1.0,0,,41,oi_change_rate,62.30055658627087,13122.0,62.30055658627087,0,1.0,0
2023-07-25,216694.29427430092,up_trend,1.0,0,,41,oi_change_rate,14.464258497180307,15020.0,14.464258497180307,0,1.0,0
2023-07-26,219563.98194099808,up_trend,1.0,0,,41,oi_change_rate,-3.4087882822902795,14508.0,-3.4087882822902795,1,0.7,0
2023-07-27,217538.3747103608,up_trend,1.0,0,,41,oi_change_rate,4.114971050454922,15105.0,4.114971050454922,0,1.0,0
2023-07-28,220461.82341001357,up_trend,1.0,0,,41,oi_change_rate,-2.1516054286660045,14780.0,-2.1516054286660045,1,0.7,0
2023-07-31,220703.6020638504,up_trend,1.0,1,1.0,41,oi_change_rate,4.905277401894452,15505.0,4.905277401894452,0,1.0,0
2023-08-01,221433.656545037,up_trend,1.0,1,1.0,41,oi_change_rate,1.1028700419219606,15676.0,1.1028700419219606,0,1.0,0
2023-08-02,221913.28229665072,up_trend,1.0,1,1.0,41,oi_change_rate,-0.006379178361826996,15675.0,-0.006379178361826996,1,0.7,1
2023-08-03,223249.91373998765,down_trend,2.0,1,1.0,41,oi_change_rate,3.5406698564593304,16230.0,3.5406698564593304,0,1.0,0
2023-08-04,222707.8457608564,down_trend,2.0,1,1.0,41,oi_change_rate,1.306223043746149,16442.0,1.306223043746149,0,1.0,0
2023-08-07,213933.16142895515,down_trend,2.0,1,1.0,41,oi_change_rate,13.216153752584844,18615.0,13.216153752584844,0,1.0,0
2023-08-08,211639.1597789407,down_trend,2.0,0,,41,oi_change_rate,9.841525651356434,20447.0,9.841525651356434,0,1.0,0
2023-08-09,212657.0317916213,down_trend,2.0,0,,41,oi_change_rate,-1.2373453318335208,20194.0,-1.2373453318335208,1,0.7,0
2023-08-10,206395.3513174404,down_trend,2.0,0,,41,oi_change_rate,18.401505397642865,23910.0,18.401505397642865,0,1.0,0
2023-08-11,204917.29295378117,down_trend,2.0,0,,41,oi_change_rate,6.959431200334588,25574.0,6.959431200334588,0,1.0,0
2023-08-14,193643.2345381271,down_trend,2.0,0,,41,oi_change_rate,23.222804410729648,31513.0,23.222804410729648,0,1.0,0
2023-08-15,189680.8139697453,down_trend,2.0,0,,41,oi_change_rate,13.486497635896297,35763.0,13.486497635896297,0,1.0,0
2023-08-16,191747.30923578836,down_trend,2.0,0,,41,oi_change_rate,-3.1485054385817746,34637.0,-3.1485054385817746,1,0.7,0
2023-08-17,189797.6065547304,down_trend,2.0,0,,41,oi_change_rate,7.295666483817882,37164.0,7.295666483817882,0,1.0,0
2023-08-18,191523.40382269217,down_trend,2.0,0,,41,oi_change_rate,-7.367344742223657,34426.0,-7.367344742223657,1,0.7,0
2023-08-21,197116.13041744623,down_trend,2.0,0,,41,oi_change_rate,-5.2954162551559865,32603.0,-5.2954162551559865,1,0.7,0
2023-08-22,194571.815011419,down_trend,2.0,0,,41,oi_change_rate,-0.6165076833420238,32402.0,-0.6165076833420238,1,0.7,0
2023-08-23,196128.50058430465,down_trend,2.0,0,,41,oi_change_rate,2.9967285970001853,33373.0,2.9967285970001853,0,1.0,0
2023-08-24,195419.81314730016,down_trend,2.0,0,,41,oi_change_rate,-2.4990261588709437,32539.0,-2.4990261588709437,1,0.7,0
2023-08-25,190778.92248989124,down_trend,2.0,0,,41,oi_change_rate,7.92587356710409,35118.0,7.92587356710409,0,1.0,0
2023-08-28,182823.25598746547,down_trend,2.0,0,,41,oi_change_rate,14.496839227746456,40209.0,14.496839227746456,0,1.0,0
2023-08-29,183944.18517804652,down_trend,2.0,0,,41,oi_change_rate,3.2256459996518196,41506.0,3.2256459996518196,0,1.0,0
2023-08-30,183383.0947994899,down_trend,2.0,0,,41,oi_change_rate,2.0141666265118294,42342.0,2.0141666265118294,0,1.0,0
2023-08-31,184364.5029335453,down_trend,2.0,0,,41,oi_change_rate,1.0367956166454113,42781.0,1.0367956166454113,0,1.0,0
2023-09-01,184103.68802188992,down_trend,2.0,0,,41,oi_change_rate,-0.9046071854327856,42394.0,-0.9046071854327856,1,0.7,0
2023-09-04,187126.3395181521,down_trend,2.0,0,,41,oi_change_rate,-0.3302354106713214,42254.0,-0.3302354106713214,1,0.7,0
2023-09-05,187481.0988396477,down_trend,2.0,0,,41,oi_change_rate,1.5714488569129552,42918.0,1.5714488569129552,0,1.0,0
2023-09-06,187410.7465832597,down_trend,2.0,0,,41,oi_change_rate,2.8030197120089473,44121.0,2.8030197120089473,0,1.0,0
2023-09-07,181934.7677695439,down_trend,2.0,0,,41,oi_change_rate,8.576414859137373,47905.0,8.576414859137373,0,1.0,0
2023-09-08,173951.38707074328,down_trend,2.0,0,,41,oi_change_rate,16.407473123891034,55765.0,16.407473123891034,0,1.0,0
2023-09-11,175933.38619402982,down_trend,2.0,0,,41,oi_change_rate,5.729400161391554,58960.0,5.729400161391554,0,1.0,0
2023-09-12,175115.808687838,down_trend,2.0,0,,41,oi_change_rate,5.693690637720489,62317.0,5.693690637720489,0,1.0,0
2023-09-13,173532.41662518663,down_trend,2.0,0,,41,oi_change_rate,3.16286085658809,64288.0,3.16286085658809,0,1.0,0
2023-09-14,166974.9207180873,down_trend,2.0,0,,41,oi_change_rate,12.81421105027377,72526.0,12.81421105027377,0,1.0,0
2023-09-15,167419.08418504574,down_trend,2.0,0,,41,oi_change_rate,2.5287483109505557,74360.0,2.5287483109505557,0,1.0,0
2023-09-18,164878.8172660036,down_trend,2.0,0,,41,oi_change_rate,5.459924690693922,78420.0,5.459924690693922,0,1.0,0
2023-09-19,157557.17446305772,down_trend,2.0,0,,41,oi_change_rate,14.410864575363428,89721.0,14.410864575363428,0,1.0,0
2023-09-20,152200.22593190565,down_trend,2.0,0,,41,oi_change_rate,9.763600494867422,98481.0,9.763600494867422,0,1.0,0
2023-09-21,157066.76293912297,down_trend,2.0,0,,41,oi_change_rate,-3.139691920268884,95389.0,-3.139691920268884,1,0.7,0
2023-09-22,152456.84817710766,down_trend,2.0,1,2.0,41,oi_change_rate,0.958181760999696,96303.0,0.958181760999696,0,1.0,0
2023-09-25,151866.87342410494,down_trend,2.0,1,2.0,41,oi_change_rate,2.9562941964424785,99150.0,2.9562941964424785,0,1.0,0
2023-09-26,144355.1337711975,down_trend,2.0,1,2.0,41,oi_change_rate,8.720121028744327,107796.0,8.720121028744327,0,1.0,0
2023-09-27,140785.90414311024,up_trend,3.0,1,2.0,41,oi_change_rate,-1.0547701213403096,106659.0,-1.0547701213403096,1,0.7,1
2023-09-28,143446.1425217841,up_trend,3.0,1,2.0,41,oi_change_rate,-5.744475384168237,100532.0,-5.744475384168237,1,0.7,1
2023-10-09,144995.4945334111,up_trend,3.0,1,2.0,41,oi_change_rate,5.719571877611109,106282.0,5.719571877611109,0,1.0,0
2023-10-10,145276.11008979706,up_trend,3.0,1,3.0,41,oi_change_rate,6.456408422874993,113144.0,6.456408422874993,0,1.0,0
2023-10-11,148356.2540127733,up_trend,3.0,1,3.0,41,oi_change_rate,4.620660397369723,118372.0,4.620660397369723,0,1.0,0
2023-10-12,157649.97815621665,up_trend,3.0,1,3.0,41,oi_change_rate,0.5533403169668503,119027.0,0.5533403169668503,0,1.0,0
2023-10-13,159604.77838890062,down_trend,4.0,1,3.0,41,oi_change_rate,-8.502272593613213,108907.0,-8.502272593613213,1,0.7,1
2023-10-16,156717.2664438177,down_trend,4.0,1,3.0,41,oi_change_rate,5.480823087588493,114876.0,5.480823087588493,0,1.0,0
2023-10-17,157225.7441294602,down_trend,4.0,1,3.0,41,oi_change_rate,4.4656847383265434,120006.0,4.4656847383265434,0,1.0,0
2023-10-18,153207.98823114813,down_trend,4.0,0,,41,oi_change_rate,1.6757495458560405,122017.0,1.6757495458560405,0,1.0,0
2023-10-19,146620.07736703512,down_trend,4.0,0,,41,oi_change_rate,5.50742929263955,128737.0,5.50742929263955,0,1.0,0
2023-10-20,141762.22849393392,down_trend,4.0,0,,41,oi_change_rate,5.964097345751416,136415.0,5.964097345751416,0,1.0,0
2023-10-23,141845.8572222496,down_trend,4.0,0,,41,oi_change_rate,4.20481618590331,142151.0,4.20481618590331,0,1.0,0
2023-10-24,144547.43179243224,down_trend,4.0,0,,41,oi_change_rate,-0.03376690983531597,142103.0,-0.03376690983531597,1,0.7,0
2023-10-25,141611.4743999891,down_trend,4.0,0,,41,oi_change_rate,3.385572436894365,146914.0,3.385572436894365,0,1.0,0
2023-10-26,140808.58170937747,down_trend,4.0,0,,41,oi_change_rate,5.5542698449433,155074.0,5.5542698449433,0,1.0,0
2023-10-27,142256.96517097135,down_trend,4.0,0,,41,oi_change_rate,1.5908533990224023,157541.0,1.5908533990224023,0,1.0,0
2023-10-30,145151.50205200096,down_trend,4.0,0,,41,oi_change_rate,0.06982309367085394,157651.0,0.06982309367085394,0,1.0,0
2023-10-31,141472.84801844467,down_trend,4.0,0,,41,oi_change_rate,1.7944700636215438,160480.0,1.7944700636215438,0,1.0,0
2023-11-01,140968.30176748667,down_trend,4.0,0,,41,oi_change_rate,3.4739531405782653,166055.0,3.4739531405782653,0,1.0,0
2023-11-02,139460.8904642823,down_trend,4.0,0,,41,oi_change_rate,2.1059287585438557,169552.0,2.1059287585438557,0,1.0,0
2023-11-03,139792.89015969163,down_trend,4.0,0,,41,oi_change_rate,4.372699820703973,176966.0,4.372699820703973,0,1.0,0
2023-11-06,137673.10349068398,down_trend,4.0,0,,41,oi_change_rate,10.274289976605676,195148.0,10.274289976605676,0,1.0,0
2023-11-07,134064.895158069,down_trend,4.0,0,,41,oi_change_rate,6.477647734027507,207789.0,6.477647734027507,0,1.0,0
2023-11-08,135846.2033121477,down_trend,4.0,0,,41,oi_change_rate,-3.6075056908691026,200293.0,-3.6075056908691026,1,0.7,0
2023-11-09,135284.71439327145,down_trend,4.0,0,,41,oi_change_rate,0.7953348344675051,201886.0,0.7953348344675051,0,1.0,0
2023-11-10,139399.19152847852,down_trend,4.0,0,,41,oi_change_rate,-4.085969309412243,193637.0,-4.085969309412243,1,0.7,0
2023-11-13,133822.71001129967,down_trend,4.0,0,,41,oi_change_rate,0.0898588596187712,193811.0,0.0898588596187712,0,1.0,0
2023-11-14,134542.8126142225,down_trend,4.0,0,,41,oi_change_rate,1.637161977390344,196984.0,1.637161977390344,0,1.0,0
2023-11-15,135348.50198664705,down_trend,4.0,0,,41,oi_change_rate,5.9187548227267195,208643.0,5.9187548227267195,0,1.0,0
2023-11-16,134609.8775773196,down_trend,4.0,0,,41,oi_change_rate,4.139606888321199,217280.0,4.139606888321199,0,1.0,0
2023-11-17,132873.24343116445,down_trend,4.0,0,,41,oi_change_rate,0.6111929307805597,218608.0,0.6111929307805597,0,1.0,0
2023-11-20,130451.21280959838,down_trend,4.0,0,,41,oi_change_rate,3.703890068067042,226705.0,3.703890068067042,0,1.0,0
2023-11-21,127152.50080318702,down_trend,4.0,0,,41,oi_change_rate,2.973026620498004,233445.0,2.973026620498004,0,1.0,0
2023-11-22,120061.07353298634,down_trend,4.0,0,,41,oi_change_rate,2.2142260489622823,238614.0,2.2142260489622823,0,1.0,0
2023-11-23,119365.8717677746,down_trend,4.0,0,,41,oi_change_rate,-0.06537755538233297,238458.0,-0.06537755538233297,1,0.7,0
2023-11-24,119482.67885226436,down_trend,4.0,0,,41,oi_change_rate,4.5282607419335905,249256.0,4.5282607419335905,0,1.0,0
2023-11-27,112159.48302925436,down_trend,4.0,0,,41,oi_change_rate,9.903873928812144,273942.0,9.903873928812144,0,1.0,0
2023-11-28,111092.3585328962,down_trend,4.0,0,,41,oi_change_rate,0.8804783494316315,276354.0,0.8804783494316315,0,1.0,0
2023-11-29,110509.74250070576,down_trend,4.0,0,,41,oi_change_rate,14.07940540031988,315263.0,14.07940540031988,0,1.0,0
2023-11-30,106840.2284561332,down_trend,4.0,1,4.0,41,oi_change_rate,4.229484589057391,328597.0,4.229484589057391,0,1.0,0
2023-12-01,103008.64174088642,down_trend,4.0,1,4.0,41,oi_change_rate,0.9701853638347276,331785.0,0.9701853638347276,0,1.0,0
2023-12-04,96704.46664097524,down_trend,4.0,1,4.0,41,oi_change_rate,11.058667510586675,368476.0,11.058667510586675,0,1.0,0
2023-12-05,91488.87545841128,up_trend,5.0,1,4.0,41,oi_change_rate,5.749356810212877,389661.0,5.749356810212877,0,1.0,0
2023-12-06,92685.57123121686,up_trend,5.0,1,4.0,41,oi_change_rate,-0.24328839683725084,388713.0,-0.24328839683725084,1,0.7,1
2023-12-07,95331.93392971825,up_trend,5.0,1,5.0,41,oi_change_rate,7.754821680777334,418857.0,7.754821680777334,0,1.0,0
2023-12-11,97124.60930398648,up_trend,5.0,1,5.0,41,oi_change_rate,-26.457000837994826,308040.0,-26.457000837994826,1,0.7,1
2023-12-12,93946.71264616384,up_trend,5.0,1,5.0,41,oi_change_rate,5.082132190624594,323695.0,5.082132190624594,0,1.0,0
2023-12-13,105012.27001922044,down_trend,6.0,1,5.0,41,oi_change_rate,-0.025023556125364926,323614.0,-0.025023556125364926,1,0.7,1
2023-12-14,102057.15752276892,down_trend,6.0,1,5.0,41,oi_change_rate,-5.032847775436168,307327.0,-5.032847775436168,1,0.7,1
2023-12-15,103836.16664647858,down_trend,6.0,1,5.0,41,oi_change_rate,-0.6071708636078184,305461.0,-0.6071708636078184,1,0.7,1
2023-12-18,102275.61099355902,down_trend,6.0,1,6.0,41,oi_change_rate,-1.599222159293658,300576.0,-1.599222159293658,1,0.7,1
2023-12-19,101423.8115274905,down_trend,6.0,1,6.0,41,oi_change_rate,-1.5610028744809965,295884.0,-1.5610028744809965,1,0.7,1
2023-12-20,100354.27599033044,down_trend,6.0,1,6.0,41,oi_change_rate,-0.5965175541766368,294119.0,-0.5965175541766368,1,0.7,1
2023-12-21,97269.5430794462,up_trend,7.0,1,6.0,41,oi_change_rate,-1.9413910696010797,288409.0,-1.9413910696010797,1,0.7,1
2023-12-22,100221.330413198,up_trend,7.0,1,6.0,41,oi_change_rate,0.2936801556123422,289256.0,0.2936801556123422,0,1.0,0
2023-12-25,102100.52780946268,up_trend,7.0,1,6.0,41,oi_change_rate,1.2300522720358438,292814.0,1.2300522720358438,0,1.0,0
2023-12-26,106402.42521607364,up_trend,7.0,0,,41,oi_change_rate,-2.638535042723367,285088.0,-2.638535042723367,1,0.7,0
2023-12-27,105131.18246910564,up_trend,7.0,1,7.0,41,oi_change_rate,-2.413991469300707,278206.0,-2.413991469300707,1,0.7,1
2023-12-28,105819.35906042664,up_trend,7.0,1,7.0,41,oi_change_rate,0.6599426324378339,280042.0,0.6599426324378339,0,1.0,0
2023-12-29,106610.13450262693,up_trend,7.0,1,7.0,41,oi_change_rate,-1.5833339284821564,275608.0,-1.5833339284821564,1,0.7,1
2024-01-02,107455.72087803832,down_trend,8.0,1,7.0,41,oi_change_rate,-2.0307828510057764,270011.0,-2.0307828510057764,1,0.7,1
2024-01-03,105957.35096608776,down_trend,8.0,1,8.0,41,oi_change_rate,-2.934324897874531,262088.0,-2.934324897874531,1,0.7,1
2024-01-04,100109.5650870054,down_trend,8.0,1,8.0,41,oi_change_rate,0.5128048594365251,263432.0,0.5128048594365251,0,1.0,0
2024-01-05,98254.22684832136,down_trend,8.0,1,8.0,41,oi_change_rate,0.05504266755747214,263577.0,0.05504266755747214,0,1.0,0
2024-01-08,96598.67900900664,down_trend,8.0,1,8.0,41,oi_change_rate,2.4030928343520106,269911.0,2.4030928343520106,0,1.0,0
2024-01-09,98314.87303704405,no_trend,,1,8.0,41,oi_change_rate,1.9443446172997765,275159.0,1.9443446172997765,0,1.0,0
2024-01-10,97384.13773810714,no_trend,,1,8.0,41,oi_change_rate,-1.915256270011157,269889.0,-1.915256270011157,0,1.0,0
2024-01-11,103962.28880612228,down_trend,9.0,0,,41,oi_change_rate,-0.020008225603859366,269835.0,-0.020008225603859366,1,0.7,0
2024-01-12,102264.76779132622,down_trend,9.0,0,,41,oi_change_rate,-0.8586728926936831,267518.0,-0.8586728926936831,1,0.7,0
2024-01-15,101447.52508323544,down_trend,9.0,0,,41,oi_change_rate,-0.4130563177057245,266413.0,-0.4130563177057245,1,0.7,0
2024-01-16,103497.49364289662,down_trend,9.0,0,,41,oi_change_rate,1.8531377973297096,271350.0,1.8531377973297096,0,1.0,0
2024-01-17,101351.72794076486,down_trend,9.0,0,,41,oi_change_rate,-1.2533628155518703,267949.0,-1.2533628155518703,1,0.7,0
2024-01-18,101852.01863061228,down_trend,9.0,0,,41,oi_change_rate,-1.04273574448869,265155.0,-1.04273574448869,1,0.7,0
2024-01-19,100996.20266321952,down_trend,9.0,0,,41,oi_change_rate,-0.22175708547830514,264567.0,-0.22175708547830514,1,0.7,0
2024-01-22,99453.21248901093,down_trend,9.0,0,,41,oi_change_rate,-2.402416023162375,258211.0,-2.402416023162375,1,0.7,0
2024-01-23,101644.81940883136,down_trend,9.0,0,,41,oi_change_rate,-1.5239474693177286,254276.0,-1.5239474693177286,1,0.7,0
2024-01-24,101961.77233558672,down_trend,9.0,0,,41,oi_change_rate,0.8160424106089446,256351.0,0.8160424106089446,0,1.0,0
2024-01-25,101013.6392979782,down_trend,9.0,0,,41,oi_change_rate,0.30895139866823224,257143.0,0.30895139866823224,0,1.0,0
2024-01-26,100360.66791803535,down_trend,9.0,0,,41,oi_change_rate,-0.5533885814507881,255720.0,-0.5533885814507881,1,0.7,0
2024-01-29,101632.47352707006,down_trend,9.0,0,,41,oi_change_rate,-1.767558266854372,251200.0,-1.767558266854372,1,0.7,0
2024-01-30,100777.94687642498,down_trend,9.0,0,,41,oi_change_rate,-2.2229299363057327,245616.0,-2.2229299363057327,1,0.7,0
2024-01-31,99057.40505351692,down_trend,9.0,0,,41,oi_change_rate,2.8178131717803403,252537.0,2.8178131717803403,0,1.0,0
2024-02-01,99478.11953502726,down_trend,9.0,0,,41,oi_change_rate,-3.766576778848248,243025.0,-3.766576778848248,1,0.7,0
2024-02-02,99888.188827397,down_trend,9.0,0,,41,oi_change_rate,-4.309844666186606,232551.0,-4.309844666186606,1,0.7,0
2024-02-05,100295.93340060544,down_trend,9.0,0,,41,oi_change_rate,-1.9870910036938134,227930.0,-1.9870910036938134,1,0.7,0
2024-02-06,97201.50715948458,down_trend,9.0,0,,41,oi_change_rate,3.470802439345413,235841.0,3.470802439345413,0,1.0,0
2024-02-07,97543.72551494786,down_trend,9.0,1,9.0,41,oi_change_rate,-2.5903044848012007,229732.0,-2.5903044848012007,1,0.7,1
2024-02-08,96269.82138578496,down_trend,9.0,1,9.0,41,oi_change_rate,-0.08139919558442012,229545.0,-0.08139919558442012,1,0.7,1
2024-02-19,94775.3944510556,down_trend,9.0,1,9.0,41,oi_change_rate,4.700167723104403,240334.0,4.700167723104403,0,1.0,0
2024-02-20,92872.2501205509,up_trend,10.0,1,9.0,41,oi_change_rate,10.449624272886899,265448.0,10.449624272886899,0,1.0,0
2024-02-21,96882.24540344122,up_trend,10.0,1,9.0,41,oi_change_rate,-2.9625388023266326,257584.0,-2.9625388023266326,1,0.7,1
2024-02-22,97588.7803097096,up_trend,10.0,1,9.0,41,oi_change_rate,-0.045422075905335736,257467.0,-0.045422075905335736,1,0.7,1
2024-02-23,101658.06928507565,up_trend,10.0,0,,41,oi_change_rate,4.694193819013699,269553.0,4.694193819013699,0,1.0,0
2024-02-26,102185.20105934492,up_trend,10.0,0,,41,oi_change_rate,2.959343802517501,277530.0,2.959343802517501,0,1.0,0
2024-02-27,106374.06782688409,up_trend,10.0,1,10.0,41,oi_change_rate,6.916729722912838,296726.0,6.916729722912838,0,1.0,0
2024-02-28,107854.74760428791,up_trend,10.0,1,10.0,41,oi_change_rate,-0.4037394768237364,295528.0,-0.4037394768237364,1,0.7,1
2024-02-29,118891.28502033616,up_trend,10.0,1,10.0,41,oi_change_rate,8.737243171543813,321349.0,8.737243171543813,0,1.0,0
2024-03-01,119227.0197740562,up_trend,10.0,1,10.0,41,oi_change_rate,-2.130394057551136,314503.0,-2.130394057551136,1,0.7,1
2024-03-04,117242.80186002524,no_trend,,1,10.0,41,oi_change_rate,0.8575434892512949,317200.0,0.8575434892512949,0,1.0,0
2024-03-05,111502.8476740102,up_trend,11.0,1,10.0,41,oi_change_rate,-2.162358133669609,310341.0,-2.162358133669609,1,0.7,1
2024-03-06,113936.33605473912,up_trend,11.0,0,,41,oi_change_rate,3.6037777799259527,321525.0,3.6037777799259527,0,1.0,0
2024-03-07,112809.94403840862,up_trend,11.0,1,11.0,41,oi_change_rate,1.705932664645051,327010.0,1.705932664645051,0,1.0,0
2024-03-08,113270.65580490432,up_trend,11.0,1,11.0,41,oi_change_rate,-0.03486131922571175,326896.0,-0.03486131922571175,1,0.7,1
2024-03-11,116149.7887487403,up_trend,11.0,1,11.0,41,oi_change_rate,4.116599774851941,340353.0,4.116599774851941,0,1.0,0
2024-03-12,119641.97952520676,up_trend,11.0,1,11.0,41,oi_change_rate,-0.4686310977132565,338758.0,-0.4686310977132565,1,0.7,1
2024-03-13,118621.2365854309,no_trend,,1,11.0,41,oi_change_rate,-0.3970385939225052,337413.0,-0.3970385939225052,0,1.0,0
2024-03-14,112022.82809349798,up_trend,12.0,1,11.0,41,oi_change_rate,-5.9194518290640845,317440.0,-5.9194518290640845,1,0.7,1
2024-03-15,114879.9057833913,up_trend,12.0,0,,41,oi_change_rate,-1.4314516129032258,312896.0,-1.4314516129032258,1,0.7,0
2024-03-18,116635.82843141958,up_trend,12.0,1,12.0,41,oi_change_rate,-0.08405348742074044,312633.0,-0.08405348742074044,1,0.7,1
2024-03-19,114777.5935745528,up_trend,12.0,1,12.0,41,oi_change_rate,-1.493764253933526,307963.0,-1.493764253933526,1,0.7,1
2024-03-20,116981.30857925958,up_trend,12.0,1,12.0,41,oi_change_rate,0.2273000327961476,308663.0,0.2273000327961476,0,1.0,0
2024-03-21,117150.57303903022,down_trend,13.0,1,12.0,41,oi_change_rate,1.9075820555103786,314551.0,1.9075820555103786,0,1.0,0
2024-03-22,114214.21441320475,down_trend,13.0,1,12.0,41,oi_change_rate,-2.9267114076890555,305345.0,-2.9267114076890555,1,0.7,1
2024-03-25,107366.8720415848,down_trend,13.0,1,12.0,41,oi_change_rate,1.4986326941656158,309921.0,1.4986326941656158,0,1.0,0
2024-03-26,108390.37476156023,down_trend,13.0,1,13.0,41,oi_change_rate,-1.8911270936787117,304060.0,-1.8911270936787117,1,0.7,1
2024-03-27,108335.4070444004,down_trend,13.0,1,13.0,41,oi_change_rate,0.33052686969677036,305065.0,0.33052686969677036,0,1.0,0
2024-03-28,108491.2733317798,down_trend,13.0,1,13.0,41,oi_change_rate,-0.12587481356432234,304681.0,-0.12587481356432234,1,0.7,1
2024-03-29,107153.30544336088,up_trend,14.0,1,13.0,41,oi_change_rate,-1.1871432744411368,301064.0,-1.1871432744411368,1,0.7,1
2024-04-01,112500.4832019566,up_trend,14.0,1,13.0,41,oi_change_rate,0.49856508915047965,302565.0,0.49856508915047965,0,1.0,0
2024-04-02,111077.01530350235,up_trend,14.0,1,13.0,41,oi_change_rate,-3.462066002346603,292090.0,-3.462066002346603,1,0.7,1
2024-04-03,111881.5949465638,up_trend,14.0,1,14.0,41,oi_change_rate,-3.2558458009517612,282580.0,-3.2558458009517612,1,0.7,1
2024-04-08,113498.56208411224,up_trend,14.0,1,14.0,41,oi_change_rate,0.141198952509024,282979.0,0.141198952509024,0,1.0,0
2024-04-09,114128.18511694236,up_trend,14.0,1,14.0,41,oi_change_rate,0.11414274557475995,283302.0,0.11414274557475995,0,1.0,0
2024-04-10,115969.12561345406,down_trend,15.0,1,14.0,41,oi_change_rate,-0.24037952432386642,282621.0,-0.24037952432386642,1,0.7,1
2024-04-11,112618.51625147591,down_trend,15.0,1,14.0,41,oi_change_rate,-2.30803797311594,276098.0,-2.30803797311594,1,0.7,1
2024-04-12,112326.96831629968,down_trend,15.0,1,14.0,41,oi_change_rate,-1.5867554274206985,271717.0,-1.5867554274206985,1,0.7,1
2024-04-15,111994.24171471068,down_trend,15.0,0,,41,oi_change_rate,-0.03349072748484637,271626.0,-0.03349072748484637,1,0.7,0
2024-04-16,108422.30803054072,down_trend,15.0,1,15.0,41,oi_change_rate,-1.2012841186042573,268363.0,-1.2012841186042573,1,0.7,1
2024-04-17,109690.96668846378,down_trend,15.0,1,15.0,41,oi_change_rate,-1.9864884503452414,263032.0,-1.9864884503452414,1,0.7,1
2024-04-18,108732.46567048231,down_trend,15.0,1,15.0,41,oi_change_rate,-0.1634782079746951,262602.0,-0.1634782079746951,1,0.7,1
2024-04-19,107978.62317880044,up_trend,16.0,1,15.0,41,oi_change_rate,0.54873915659439,264043.0,0.54873915659439,0,1.0,0
2024-04-22,108951.95362671532,up_trend,16.0,1,15.0,41,oi_change_rate,0.8449381350764837,266274.0,0.8449381350764837,0,1.0,0
2024-04-23,109475.849038121,up_trend,16.0,1,15.0,41,oi_change_rate,-0.32147336953664274,265418.0,-0.32147336953664274,1,0.7,1
2024-04-24,110654.33733416622,up_trend,16.0,1,16.0,41,oi_change_rate,1.3284705634131821,268944.0,1.3284705634131821,0,1.0,0
2024-04-25,109968.80324208087,up_trend,16.0,1,16.0,41,oi_change_rate,-1.0939080254625497,266002.0,-1.0939080254625497,1,0.7,1
2024-04-26,110328.255441008,up_trend,16.0,1,16.0,41,oi_change_rate,-1.5420936684686581,261900.0,-1.5420936684686581,1,0.7,1
2024-04-29,115988.79717510032,down_trend,17.0,1,16.0,41,oi_change_rate,10.672394043528065,289851.0,10.672394043528065,0,1.0,0
2024-04-30,111891.1974591796,down_trend,17.0,1,16.0,41,oi_change_rate,-4.516113451393992,276761.0,-4.516113451393992,1,0.7,1
2024-05-06,112887.53718943716,down_trend,17.0,1,16.0,41,oi_change_rate,1.7722872803610334,281666.0,1.7722872803610334,0,1.0,0
2024-05-07,114318.34383848505,down_trend,17.0,0,,41,oi_change_rate,2.063436836536891,287478.0,2.063436836536891,0,1.0,0
2024-05-08,112538.33345414254,down_trend,17.0,0,,41,oi_change_rate,0.7774507962348423,289713.0,0.7774507962348423,0,1.0,0
2024-05-09,112270.01049632629,down_trend,17.0,0,,41,oi_change_rate,1.2850648745482598,293436.0,1.2850648745482598,0,1.0,0
2024-05-10,109118.61716716952,down_trend,17.0,1,17.0,41,oi_change_rate,1.8845676740413584,298966.0,1.8845676740413584,0,1.0,0
2024-05-13,107885.71704728328,down_trend,17.0,1,17.0,41,oi_change_rate,1.2232160178749423,302623.0,1.2232160178749423,0,1.0,0
2024-05-14,106029.6258325672,down_trend,17.0,1,17.0,41,oi_change_rate,-0.08095881674558775,302378.0,-0.08095881674558775,1,0.7,1
2024-05-15,103961.9134405348,up_trend,18.0,1,17.0,41,oi_change_rate,0.5284776008836622,303976.0,0.5284776008836622,0,1.0,0
2024-05-16,105075.7146305242,up_trend,18.0,1,17.0,41,oi_change_rate,-1.866923704502987,298301.0,-1.866923704502987,1,0.7,1
2024-05-17,107457.99077577224,up_trend,18.0,1,17.0,41,oi_change_rate,-4.128380394299717,285986.0,-4.128380394299717,1,0.7,1
2024-05-20,107028.24148611155,up_trend,18.0,0,,41,oi_change_rate,-0.3122530473519683,285093.0,-0.3122530473519683,1,0.7,0
2024-05-21,107784.02408189964,up_trend,18.0,1,18.0,41,oi_change_rate,-0.809560389066024,282785.0,-0.809560389066024,1,0.7,1
2024-05-22,107605.50174858124,up_trend,18.0,1,18.0,41,oi_change_rate,1.3200841628799265,286518.0,1.3200841628799265,0,1.0,0
2024-05-23,107398.06329002036,up_trend,18.0,1,18.0,41,oi_change_rate,-1.2889242560676817,282825.0,-1.2889242560676817,1,0.7,1
2024-05-24,108631.95809717664,down_trend,19.0,1,18.0,41,oi_change_rate,0.7495801290550693,284945.0,0.7495801290550693,0,1.0,0
2024-05-27,107409.3226333718,down_trend,19.0,1,18.0,41,oi_change_rate,2.2007755882714206,291216.0,2.2007755882714206,0,1.0,0
2024-05-28,106390.44154823724,down_trend,19.0,1,18.0,41,oi_change_rate,0.516455139827482,292720.0,0.516455139827482,0,1.0,0
2024-05-29,106498.4946395742,down_trend,19.0,0,,41,oi_change_rate,-0.7713856244875649,290462.0,-0.7713856244875649,1,0.7,0
2024-05-30,107309.425429094,down_trend,19.0,0,,41,oi_change_rate,-0.048543355068821396,290321.0,-0.048543355068821396,1,0.7,0
2024-05-31,106385.67814739914,down_trend,19.0,0,,41,oi_change_rate,0.1470785785389276,290748.0,0.1470785785389276,0,1.0,0
2024-06-03,104232.8337393877,down_trend,19.0,0,,41,oi_change_rate,1.361316328917138,294706.0,1.361316328917138,0,1.0,0
2024-06-04,103412.69271330288,down_trend,19.0,0,,41,oi_change_rate,1.353552353871316,298695.0,1.353552353871316,0,1.0,0
2024-06-05,101569.71591077892,down_trend,19.0,0,,41,oi_change_rate,1.4188386146403522,302933.0,1.4188386146403522,0,1.0,0
2024-06-06,102776.45074497032,down_trend,19.0,0,,41,oi_change_rate,-2.094192445194152,296589.0,-2.094192445194152,1,0.7,0
2024-06-07,101793.61103041032,down_trend,19.0,0,,41,oi_change_rate,-0.19252231202101225,296018.0,-0.19252231202101225,1,0.7,0
2024-06-11,98999.5912910619,down_trend,19.0,0,,41,oi_change_rate,1.706652973805647,301070.0,1.706652973805647,0,1.0,0
2024-06-12,100810.13358861522,down_trend,19.0,0,,41,oi_change_rate,-0.5955425648520277,299277.0,-0.5955425648520277,1,0.7,0
2024-06-13,99983.95861495976,down_trend,19.0,0,,41,oi_change_rate,-1.8698396468823197,293681.0,-1.8698396468823197,1,0.7,0
2024-06-14,99202.29528514858,down_trend,19.0,0,,41,oi_change_rate,0.002724044115894457,293689.0,0.002724044115894457,0,1.0,0
2024-06-17,98055.2021260008,down_trend,19.0,0,,41,oi_change_rate,0.4511575169652251,295014.0,0.4511575169652251,0,1.0,0
2024-06-18,95666.7365480961,down_trend,19.0,0,,41,oi_change_rate,4.126244856176317,307187.0,4.126244856176317,0,1.0,0
2024-06-19,96543.7685351904,down_trend,19.0,1,19.0,41,oi_change_rate,-1.6468795880033984,302128.0,-1.6468795880033984,1,0.7,1
2024-06-20,96998.08930509764,down_trend,19.0,1,19.0,41,oi_change_rate,-1.8144627442673305,296646.0,-1.8144627442673305,1,0.7,1
2024-06-21,95060.393532734,down_trend,19.0,1,19.0,41,oi_change_rate,0.45407657612103314,297993.0,0.45407657612103314,0,1.0,0
2024-06-24,91948.8888557649,down_trend,19.0,1,19.0,41,oi_change_rate,1.3097623098529159,301896.0,1.3097623098529159,0,1.0,0
2024-06-25,93841.7255895294,no_trend,,1,19.0,41,oi_change_rate,0.9543021437846145,304777.0,0.9543021437846145,0,1.0,0
2024-06-26,96328.86233091856,down_trend,20.0,1,19.0,41,oi_change_rate,0.5925643995445851,306583.0,0.5925643995445851,0,1.0,0
2024-06-27,94033.78991117267,down_trend,20.0,0,,41,oi_change_rate,0.0626257815991102,306775.0,0.0626257815991102,0,1.0,0
2024-06-28,93965.4685533976,down_trend,20.0,0,,41,oi_change_rate,-0.0003259718034390025,306774.0,-0.0003259718034390025,1,0.7,0
2024-07-01,95330.22169759596,down_trend,20.0,0,,41,oi_change_rate,1.071798783469264,310062.0,1.071798783469264,0,1.0,0
2024-07-02,93892.09412168562,down_trend,20.0,0,,41,oi_change_rate,1.4680934780785777,314614.0,1.4680934780785777,0,1.0,0
2024-07-03,94441.91970724764,down_trend,20.0,0,,41,oi_change_rate,0.9293928432936869,317538.0,0.9293928432936869,0,1.0,0
2024-07-04,93916.61552046314,down_trend,20.0,0,,41,oi_change_rate,1.2877198949417077,321627.0,1.2877198949417077,0,1.0,0
2024-07-05,93859.09037257273,down_trend,20.0,0,,41,oi_change_rate,-2.536478591660526,313469.0,-2.536478591660526,1,0.7,0
2024-07-08,93611.61847839072,down_trend,20.0,0,,41,oi_change_rate,1.4639406129473727,318058.0,1.4639406129473727,0,1.0,0
2024-07-09,94102.88008367294,down_trend,20.0,0,,41,oi_change_rate,-1.4010023329078345,313602.0,-1.4010023329078345,1,0.7,0
2024-07-10,91838.23794473428,down_trend,20.0,0,,41,oi_change_rate,0.4878795415845562,315132.0,0.4878795415845562,0,1.0,0
2024-07-11,92544.64830948108,down_trend,20.0,0,,41,oi_change_rate,-3.6578322734600106,303605.0,-3.6578322734600106,1,0.7,0
2024-07-12,91385.49271301736,down_trend,20.0,0,,41,oi_change_rate,0.27733403600072465,304447.0,0.27733403600072465,0,1.0,0
2024-07-15,88166.13063927906,down_trend,20.0,0,,41,oi_change_rate,3.8450042207674904,316153.0,3.8450042207674904,0,1.0,0
2024-07-16,88992.0108321151,down_trend,20.0,0,,41,oi_change_rate,-1.769712765654604,310558.0,-1.769712765654604,1,0.7,0
2024-07-17,87128.4008517974,down_trend,20.0,0,,41,oi_change_rate,1.613225226849735,315568.0,1.613225226849735,0,1.0,0
2024-07-18,88207.13889411473,down_trend,20.0,0,,41,oi_change_rate,-0.6195178218323785,313613.0,-0.6195178218323785,1,0.7,0
2024-07-19,89977.9163766626,down_trend,20.0,0,,41,oi_change_rate,-0.1272268687841384,313214.0,-0.1272268687841384,1,0.7,0
2024-07-22,89225.08093057314,down_trend,20.0,0,,41,oi_change_rate,-0.5861806943495501,311378.0,-0.5861806943495501,1,0.7,0
2024-07-23,88205.38816388269,down_trend,20.0,0,,41,oi_change_rate,-1.9076492237730347,305438.0,-1.9076492237730347,1,0.7,0
2024-07-24,87285.20844771303,down_trend,20.0,0,,41,oi_change_rate,-0.4128497436468285,304177.0,-0.4128497436468285,1,0.7,0
2024-07-25,87413.79357554523,down_trend,20.0,0,,41,oi_change_rate,-0.34650877614020786,303123.0,-0.34650877614020786,1,0.7,0
2024-07-26,86317.62945678916,down_trend,20.0,0,,41,oi_change_rate,1.3727100879840857,307284.0,1.3727100879840857,0,1.0,0
2024-07-29,83851.54340221778,down_trend,20.0,0,,41,oi_change_rate,3.9191757462152275,319327.0,3.9191757462152275,0,1.0,0
2024-07-30,81552.9701772335,down_trend,20.0,0,,41,oi_change_rate,2.234386694516906,326462.0,2.234386694516906,0,1.0,0
2024-07-31,83106.77145835893,down_trend,20.0,0,,41,oi_change_rate,-2.7491714196445525,317487.0,-2.7491714196445525,1,0.7,0
2024-08-01,81290.29307634766,down_trend,20.0,0,,41,oi_change_rate,4.000163786233768,330187.0,4.000163786233768,0,1.0,0
2024-08-02,81532.35371007798,down_trend,20.0,0,,41,oi_change_rate,-2.6872650952339128,321314.0,-2.6872650952339128,1,0.7,0
2024-08-05,82017.50417081594,down_trend,20.0,0,,41,oi_change_rate,-3.741511418736812,309292.0,-3.741511418736812,1,0.7,0
2024-08-06,81851.07164513272,down_trend,20.0,0,,41,oi_change_rate,-2.9570761610387595,300146.0,-2.9570761610387595,1,0.7,0
2024-08-07,80870.83524348213,down_trend,20.0,0,,41,oi_change_rate,1.0191706702738001,303205.0,1.0191706702738001,0,1.0,0
2024-08-08,79120.8357783956,down_trend,20.0,0,,41,oi_change_rate,2.8521957091736616,311853.0,2.8521957091736616,0,1.0,0
2024-08-09,78185.68052222083,down_trend,20.0,0,,41,oi_change_rate,0.6041307923925696,313737.0,0.6041307923925696,0,1.0,0
2024-08-12,76617.80835070353,down_trend,20.0,1,20.0,41,oi_change_rate,2.9113556896381363,322871.0,2.9113556896381363,0,1.0,0
2024-08-13,77594.22204229198,down_trend,20.0,1,20.0,41,oi_change_rate,-1.3098110390837208,318642.0,-1.3098110390837208,1,0.7,1
2024-08-14,74068.38924703021,down_trend,20.0,1,20.0,41,oi_change_rate,3.0601741138958456,328393.0,3.0601741138958456,0,1.0,0
2024-08-15,73109.08419046688,up_trend,21.0,1,20.0,41,oi_change_rate,-0.287764964539439,327448.0,-0.287764964539439,1,0.7,1
2024-08-16,73644.1083135831,up_trend,21.0,1,21.0,41,oi_change_rate,-0.7811927389997801,324890.0,-0.7811927389997801,1,0.7,1
2024-08-19,74049.11801897691,up_trend,21.0,1,21.0,41,oi_change_rate,1.5017390501400474,329769.0,1.5017390501400474,0,1.0,0
2024-08-20,75685.96489642184,up_trend,21.0,1,21.0,41,oi_change_rate,0.638628858382686,331875.0,0.638628858382686,0,1.0,0
2024-08-21,78538.71756378718,up_trend,21.0,1,21.0,41,oi_change_rate,-0.04429378531073447,331728.0,-0.04429378531073447,1,0.7,1
2024-08-22,76187.72383019413,no_trend,,1,21.0,41,oi_change_rate,-0.6912289586649303,329435.0,-0.6912289586649303,0,1.0,0
2024-08-23,74170.68976556571,up_trend,22.0,1,21.0,41,oi_change_rate,-0.4413617253782992,327981.0,-0.4413617253782992,1,0.7,1
2024-08-26,75149.43115224813,up_trend,22.0,0,,41,oi_change_rate,1.1945813934343759,331899.0,1.1945813934343759,0,1.0,0
2024-08-27,76908.09248468594,up_trend,22.0,1,22.0,41,oi_change_rate,0.8809909038593066,334823.0,0.8809909038593066,0,1.0,0
2024-08-28,76577.4677293547,up_trend,22.0,1,22.0,41,oi_change_rate,1.851425977307413,341022.0,1.851425977307413,0,1.0,0
2024-08-29,77635.60654948912,up_trend,22.0,1,22.0,41,oi_change_rate,3.603286591480902,353310.0,3.603286591480902,0,1.0,0
2024-08-30,79670.3611412982,down_trend,23.0,1,22.0,41,oi_change_rate,0.011887577481531799,353352.0,0.011887577481531799,0,1.0,0
2024-09-02,76063.51256469205,down_trend,23.0,1,23.0,41,oi_change_rate,-0.03962054834838914,353212.0,-0.03962054834838914,1,0.7,1
2024-09-03,75779.22014440736,down_trend,23.0,1,23.0,41,oi_change_rate,1.359806575088049,358015.0,1.359806575088049,0,1.0,0
2024-09-04,74464.83057311413,down_trend,23.0,1,23.0,41,oi_change_rate,0.7049983939220423,360539.0,0.7049983939220423,0,1.0,0
2024-09-05,71637.97283115204,up_trend,24.0,1,23.0,41,oi_change_rate,3.8647691373194024,374473.0,3.8647691373194024,0,1.0,0
2024-09-06,71962.1838062655,up_trend,24.0,1,24.0,41,oi_change_rate,-0.48014142541651866,372675.0,-0.48014142541651866,1,0.7,1
2024-09-09,73952.7171518374,up_trend,24.0,1,24.0,41,oi_change_rate,0.48245790568189445,374473.0,0.48245790568189445,0,1.0,0
2024-09-10,72964.25940309594,up_trend,24.0,1,24.0,41,oi_change_rate,2.7985996320161934,384953.0,2.7985996320161934,0,1.0,0
2024-09-11,79206.53066241814,down_trend,25.0,1,24.0,41,oi_change_rate,7.776533758666643,414889.0,7.776533758666643,0,1.0,0
2024-09-12,77773.4806643206,down_trend,25.0,1,24.0,41,oi_change_rate,-0.4133635743536223,413174.0,-0.4133635743536223,1,0.7,1
2024-09-13,78366.63193556007,down_trend,25.0,1,24.0,41,oi_change_rate,-1.6259493578976412,406456.0,-1.6259493578976412,1,0.7,1
2024-09-18,76354.11342567294,down_trend,25.0,1,25.0,41,oi_change_rate,-0.9555769874229928,402572.0,-0.9555769874229928,1,0.7,1
2024-09-19,76761.51736972705,down_trend,25.0,1,25.0,41,oi_change_rate,0.10631638564033265,403000.0,0.10631638564033265,0,1.0,0
2024-09-20,76442.39275010422,down_trend,25.0,1,25.0,41,oi_change_rate,-0.5650124069478908,400723.0,-0.5650124069478908,1,0.7,1
2024-09-23,75969.96293712065,up_trend,26.0,1,25.0,41,oi_change_rate,-0.21511118653034642,399861.0,-0.21511118653034642,1,0.7,1
2024-09-24,77762.78708639389,up_trend,26.0,1,25.0,41,oi_change_rate,4.76315519643076,418907.0,4.76315519643076,0,1.0,0
2024-09-25,77032.46679007604,up_trend,26.0,1,26.0,41,oi_change_rate,2.520368482741993,429465.0,2.520368482741993,0,1.0,0
2024-09-26,78419.59841170204,up_trend,26.0,1,26.0,41,oi_change_rate,-0.9556075582410675,425361.0,-0.9556075582410675,1,0.7,1
2024-09-27,78405.63276464526,up_trend,26.0,1,26.0,41,oi_change_rate,0.7863908538864635,428706.0,0.7863908538864635,0,1.0,0
2024-09-30,81153.9695800031,down_trend,27.0,1,26.0,41,oi_change_rate,2.612979524429329,439908.0,2.612979524429329,0,1.0,0
2024-10-08,78417.5237747879,down_trend,27.0,1,26.0,41,oi_change_rate,0.9683842985351483,444168.0,0.9683842985351483,0,1.0,0
2024-10-09,78291.12084694221,down_trend,27.0,1,26.0,41,oi_change_rate,-0.049080528088471034,443950.0,-0.049080528088471034,1,0.7,1
2024-10-10,75780.37389367344,down_trend,27.0,0,,41,oi_change_rate,2.0301835792318954,452963.0,2.0301835792318954,0,1.0,0
2024-10-11,76262.85881030119,down_trend,27.0,0,,41,oi_change_rate,-2.0244479129641935,443793.0,-2.0244479129641935,1,0.7,0
2024-10-14,75536.2676969018,down_trend,27.0,1,27.0,41,oi_change_rate,5.188454977883833,466819.0,5.188454977883833,0,1.0,0
2024-10-15,76020.27350814737,down_trend,27.0,1,27.0,41,oi_change_rate,-2.6384958624220523,454502.0,-2.6384958624220523,1,0.7,1
2024-10-16,73657.42126601438,down_trend,27.0,1,27.0,41,oi_change_rate,1.7542277041685186,462475.0,1.7542277041685186,0,1.0,0
2024-10-17,71155.55012631086,up_trend,28.0,1,27.0,41,oi_change_rate,0.2300664900805449,463539.0,0.2300664900805449,0,1.0,0
2024-10-18,73344.36546078001,up_trend,28.0,1,27.0,41,oi_change_rate,-0.9735966121512969,459026.0,-0.9735966121512969,1,0.7,1
2024-10-21,71836.71817991731,up_trend,28.0,1,27.0,41,oi_change_rate,2.103584546409136,468682.0,2.103584546409136,0,1.0,0
2024-10-22,73184.4530845545,up_trend,28.0,0,,41,oi_change_rate,0.9735812341843724,473245.0,0.9735812341843724,0,1.0,0
2024-10-23,74712.96420826833,up_trend,28.0,0,,41,oi_change_rate,-0.7040750562604993,469913.0,-0.7040750562604993,1,0.7,0
2024-10-24,73931.34627080701,up_trend,28.0,0,,41,oi_change_rate,-1.3293950156731138,463666.0,-1.3293950156731138,1,0.7,0
2024-10-25,74447.44709765095,up_trend,28.0,0,,41,oi_change_rate,-1.1273200967938128,458439.0,-1.1273200967938128,1,0.7,0
2024-10-28,76418.08107386471,up_trend,28.0,0,,41,oi_change_rate,-4.4162909351080515,438193.0,-4.4162909351080515,1,0.7,0
2024-10-29,74929.00073954444,up_trend,28.0,0,,41,oi_change_rate,-0.9452455881312571,434051.0,-0.9452455881312571,1,0.7,0
2024-10-30,73953.90311256953,up_trend,28.0,0,,41,oi_change_rate,-3.391076163860929,419332.0,-3.391076163860929,1,0.7,0
2024-10-31,75302.39799934936,up_trend,28.0,0,,41,oi_change_rate,-3.9737010292560546,402669.0,-3.9737010292560546,1,0.7,0
2024-11-01,76922.33542754776,up_trend,28.0,0,,41,oi_change_rate,-1.5742458446018939,396330.0,-1.5742458446018939,1,0.7,0
2024-11-04,77707.3874380655,up_trend,28.0,0,,41,oi_change_rate,0.47258597633285393,398203.0,0.47258597633285393,0,1.0,0
2024-11-05,77801.46195448568,up_trend,28.0,0,,41,oi_change_rate,-0.12104378922308472,397721.0,-0.12104378922308472,1,0.7,0
2024-11-06,76414.65845473445,up_trend,28.0,0,,41,oi_change_rate,-3.1248035683305635,385293.0,-3.1248035683305635,1,0.7,0
2024-11-07,77375.34409743991,up_trend,28.0,0,,41,oi_change_rate,1.430599569678141,390805.0,1.430599569678141,0,1.0,0
2024-11-08,76955.62128058964,up_trend,28.0,1,28.0,41,oi_change_rate,0.0557822955182252,391023.0,0.0557822955182252,0,1.0,0
2024-11-11,81441.7980761562,up_trend,28.0,1,28.0,41,oi_change_rate,15.437710825194426,451388.0,15.437710825194426,0,1.0,0
2024-11-12,81585.02886396984,up_trend,28.0,1,28.0,41,oi_change_rate,3.4243267432895865,466845.0,3.4243267432895865,0,1.0,0
2024-11-13,86234.36081249446,up_trend,28.0,1,28.0,41,oi_change_rate,11.06512868296758,518502.0,11.06512868296758,0,1.0,0
2024-11-14,81229.98394945613,no_trend,,1,28.0,41,oi_change_rate,-5.674423628067008,489080.0,-5.674423628067008,0,1.0,0
2024-11-15,78861.7496137252,no_trend,,1,28.0,41,oi_change_rate,-3.1332297374662628,473756.0,-3.1332297374662628,0,1.0,0
2024-11-18,81313.84528807279,no_trend,,0,,41,oi_change_rate,0.7098590835788887,477119.0,0.7098590835788887,0,1.0,0
2024-11-19,82945.16938798178,no_trend,,0,,41,oi_change_rate,3.782284922629365,495165.0,3.782284922629365,0,1.0,0
2024-11-20,83069.64961439381,down_trend,29.0,0,,41,oi_change_rate,0.9748265729605283,499992.0,0.9748265729605283,0,1.0,0
2024-11-21,82417.07326905093,down_trend,29.0,0,,41,oi_change_rate,-0.7696123137970208,496144.0,-0.7696123137970208,1,0.7,0
2024-11-22,80013.17702836446,down_trend,29.0,0,,41,oi_change_rate,-1.8393853397400757,487018.0,-1.8393853397400757,1,0.7,0
2024-11-25,80946.69230163954,down_trend,29.0,0,,41,oi_change_rate,-0.8385727016249912,482934.0,-0.8385727016249912,1,0.7,0
2024-11-26,79392.31455064192,down_trend,29.0,0,,41,oi_change_rate,-0.13376569054984738,482288.0,-0.13376569054984738,1,0.7,0
2024-11-27,79372.12796872055,down_trend,29.0,0,,41,oi_change_rate,-2.1060030521182367,472131.0,-2.1060030521182367,1,0.7,0
2024-11-28,79245.5717853403,down_trend,29.0,0,,41,oi_change_rate,-0.686250214453192,468891.0,-0.686250214453192,1,0.7,0
2024-11-29,79659.99598412053,down_trend,29.0,0,,41,oi_change_rate,1.9644224350648658,478102.0,1.9644224350648658,0,1.0,0
2024-12-02,79418.401502977,down_trend,29.0,0,,41,oi_change_rate,-0.3028642423583252,476654.0,-0.3028642423583252,1,0.7,0
2024-12-03,79033.94033072949,down_trend,29.0,0,,41,oi_change_rate,-1.4612276410142366,469689.0,-1.4612276410142366,1,0.7,0
2024-12-04,77482.60954650804,down_trend,29.0,0,,41,oi_change_rate,-2.629186546842698,457340.0,-2.629186546842698,1,0.7,0
2024-12-05,77805.58865865498,down_trend,29.0,0,,41,oi_change_rate,-2.0214719902042244,448095.0,-2.0214719902042244,1,0.7,0
2024-12-06,78072.82889918346,down_trend,29.0,0,,41,oi_change_rate,-1.5813610953034511,441009.0,-1.5813610953034511,1,0.7,0
2024-12-09,78242.17250435396,down_trend,29.0,0,,41,oi_change_rate,-2.089980023083429,431792.0,-2.089980023083429,1,0.7,0
2024-12-10,78292.41853809658,down_trend,29.0,0,,41,oi_change_rate,0.02246451995405195,431889.0,0.02246451995405195,0,1.0,0
2024-12-11,78438.40527279452,down_trend,29.0,0,,41,oi_change_rate,-0.4769744077760721,429829.0,-0.4769744077760721,1,0.7,0
2024-12-12,78831.43105109982,down_trend,29.0,0,,41,oi_change_rate,-1.7537206656600648,422291.0,-1.7537206656600648,1,0.7,0
2024-12-13,77574.58825446153,down_trend,29.0,0,,41,oi_change_rate,-2.617626234042402,411237.0,-2.617626234042402,1,0.7,0
2024-12-16,77589.47237802156,down_trend,29.0,1,29.0,41,oi_change_rate,-2.017571376116449,402940.0,-2.017571376116449,1,0.7,1
2024-12-17,76758.36463191843,down_trend,29.0,1,29.0,41,oi_change_rate,-2.7339057924256713,391924.0,-2.7339057924256713,1,0.7,1
2024-12-18,76074.4258131385,down_trend,29.0,1,29.0,41,oi_change_rate,-0.5455139261693593,389786.0,-0.5455139261693593,1,0.7,1
2024-12-19,75646.59865128386,up_trend,30.0,1,29.0,41,oi_change_rate,-4.091732386488997,373837.0,-4.091732386488997,1,0.7,1
2024-12-20,76834.7565027762,up_trend,30.0,1,29.0,41,oi_change_rate,-1.6239698050219749,367766.0,-1.6239698050219749,1,0.7,1
2024-12-23,76341.99427686159,up_trend,30.0,1,29.0,41,oi_change_rate,-0.1318773350445664,367281.0,-0.1318773350445664,1,0.7,1
2024-12-24,77258.71487875807,up_trend,30.0,0,,41,oi_change_rate,0.7413941913684617,370004.0,0.7413941913684617,0,1.0,0
2024-12-25,76704.42082085463,up_trend,30.0,0,,41,oi_change_rate,-0.8229640760640425,366959.0,-0.8229640760640425,1,0.7,0
2024-12-26,76699.10754414125,up_trend,30.0,0,,41,oi_change_rate,-1.5312337345589015,361340.0,-1.5312337345589015,1,0.7,0
2024-12-27,75807.53043463978,up_trend,30.0,0,,41,oi_change_rate,1.0934300105164112,365291.0,1.0934300105164112,0,1.0,0
2024-12-30,77402.32441373424,up_trend,30.0,0,,41,oi_change_rate,2.6113427377077456,374830.0,2.6113427377077456,0,1.0,0
2024-12-31,76258.52010231103,up_trend,30.0,0,,41,oi_change_rate,0.4452685217298509,376499.0,0.4452685217298509,0,1.0,0
2025-01-02,77011.20558874552,up_trend,30.0,0,,41,oi_change_rate,-3.391244067049315,363731.0,-3.391244067049315,1,0.7,0
2025-01-03,75787.7645076761,up_trend,30.0,0,,41,oi_change_rate,-2.741036645213083,353761.0,-2.741036645213083,1,0.7,0
2025-01-06,77081.17974621737,up_trend,30.0,0,,41,oi_change_rate,-2.738289410081948,344074.0,-2.738289410081948,1,0.7,0
2025-01-07,78238.59709504947,up_trend,30.0,0,,41,oi_change_rate,7.411777698983359,369576.0,7.411777698983359,0,1.0,0
2025-01-08,76677.90832608871,up_trend,30.0,0,,41,oi_change_rate,-2.5810658700781435,360037.0,-2.5810658700781435,1,0.7,0
2025-01-09,77701.35477379091,up_trend,30.0,0,,41,oi_change_rate,-0.35440801917580694,358761.0,-0.35440801917580694,1,0.7,0
2025-01-10,77406.66711529455,up_trend,30.0,0,,41,oi_change_rate,-0.5903651734720329,356643.0,-0.5903651734720329,1,0.7,0
2025-01-13,78216.98265171045,up_trend,30.0,0,,41,oi_change_rate,0.6118162980908078,358825.0,0.6118162980908078,0,1.0,0
2025-01-14,78628.28548595963,up_trend,30.0,0,,41,oi_change_rate,5.666271859541559,379157.0,5.666271859541559,0,1.0,0
2025-01-15,79763.03859380224,up_trend,30.0,1,30.0,41,oi_change_rate,8.063150620982865,409729.0,8.063150620982865,0,1.0,0
2025-01-16,79447.37810758078,up_trend,30.0,1,30.0,41,oi_change_rate,-2.053064342528842,401317.0,-2.053064342528842,1,0.7,1
2025-01-17,80329.66888668691,up_trend,30.0,1,30.0,41,oi_change_rate,2.851112711397723,412759.0,2.851112711397723,0,1.0,0
2025-01-20,80380.96737600217,down_trend,31.0,1,30.0,41,oi_change_rate,1.018512013063313,416963.0,1.018512013063313,0,1.0,0
2025-01-21,78269.97830043916,down_trend,31.0,1,30.0,41,oi_change_rate,-2.629489906778299,405999.0,-2.629489906778299,1,0.7,1
2025-01-22,78915.04334667012,down_trend,31.0,1,30.0,41,oi_change_rate,-2.1803009367018147,397147.0,-2.1803009367018147,1,0.7,1
2025-01-23,79341.34431291292,down_trend,31.0,0,,41,oi_change_rate,-0.8372214822219481,393822.0,-0.8372214822219481,1,0.7,0
2025-01-24,79363.83698994215,down_trend,31.0,0,,41,oi_change_rate,-2.5498829420398046,383780.0,-2.5498829420398046,1,0.7,0
2025-01-27,79427.6032237804,down_trend,31.0,0,,41,oi_change_rate,-1.2627025900255355,378934.0,-1.2627025900255355,1,0.7,0
2025-02-05,78024.63140996407,down_trend,31.0,0,,41,oi_change_rate,1.2627528804488382,383719.0,1.2627528804488382,0,1.0,0
2025-02-06,77450.23287346536,down_trend,31.0,0,,41,oi_change_rate,2.2516476901065623,392359.0,2.2516476901065623,0,1.0,0
2025-02-07,77712.90959194045,down_trend,31.0,0,,41,oi_change_rate,-2.7018623250645453,381758.0,-2.7018623250645453,1,0.7,0
2025-02-10,78516.0869336697,down_trend,31.0,0,,41,oi_change_rate,-0.3242892093944331,380520.0,-0.3242892093944331,1,0.7,0
2025-02-11,77248.3300129702,down_trend,31.0,0,,41,oi_change_rate,1.3087354146956796,385500.0,1.3087354146956796,0,1.0,0
2025-02-12,77472.97311735935,down_trend,31.0,0,,41,oi_change_rate,0.026459143968871595,385602.0,0.026459143968871595,0,1.0,0
2025-02-13,77282.54287120473,down_trend,31.0,0,,41,oi_change_rate,0.6428908563752262,388081.0,0.6428908563752262,0,1.0,0
2025-02-14,76778.3945553336,down_trend,31.0,0,,41,oi_change_rate,1.3927504825023642,393486.0,1.3927504825023642,0,1.0,0
2025-02-17,77152.29209240971,down_trend,31.0,0,,41,oi_change_rate,-2.1284111760011792,385111.0,-2.1284111760011792,1,0.7,0
2025-02-18,77069.38997247192,down_trend,31.0,0,,41,oi_change_rate,-0.48453562739054457,383245.0,-0.48453562739054457,1,0.7,0
2025-02-19,77313.01845608462,down_trend,31.0,0,,41,oi_change_rate,-0.7804407102506229,380254.0,-0.7804407102506229,1,0.7,0
2025-02-20,77216.24467162298,down_trend,31.0,0,,41,oi_change_rate,-1.1665886486401196,375818.0,-1.1665886486401196,1,0.7,0
2025-02-21,76708.1847371373,down_trend,31.0,0,,41,oi_change_rate,3.422933441186957,388682.0,3.422933441186957,0,1.0,0
2025-02-24,76851.0123250986,down_trend,31.0,0,,41,oi_change_rate,0.009519350008490232,388719.0,0.009519350008490232,0,1.0,0
2025-02-25,76777.67336116197,down_trend,31.0,0,,41,oi_change_rate,-3.366699338082265,375632.0,-3.366699338082265,1,0.7,0
2025-02-26,76178.82043329345,down_trend,31.0,0,,41,oi_change_rate,3.687119308259147,389482.0,3.687119308259147,0,1.0,0
2025-02-27,76335.32661723981,down_trend,31.0,0,,41,oi_change_rate,-1.1646237823570793,384946.0,-1.1646237823570793,1,0.7,0
2025-02-28,75445.06941462003,down_trend,31.0,0,,41,oi_change_rate,4.038488515272272,400492.0,4.038488515272272,0,1.0,0
2025-03-03,75680.27852450938,down_trend,31.0,0,,41,oi_change_rate,-2.1935519311247167,391707.0,-2.1935519311247167,1,0.7,0
2025-03-04,75527.12004578476,down_trend,31.0,0,,41,oi_change_rate,-0.971389329269071,387902.0,-0.971389329269071,1,0.7,0
2025-03-05,75599.01703994264,down_trend,31.0,0,,41,oi_change_rate,-2.2062273460822577,379344.0,-2.2062273460822577,1,0.7,0
2025-03-06,77013.02660503009,down_trend,31.0,0,,41,oi_change_rate,-2.144755156269771,371208.0,-2.144755156269771,1,0.7,0
2025-03-07,76397.8622895749,down_trend,31.0,0,,41,oi_change_rate,0.7214284174910024,373886.0,0.7214284174910024,0,1.0,0
2025-03-10,76014.01416184894,down_trend,31.0,0,,41,oi_change_rate,-0.3950401994190743,372409.0,-0.3950401994190743,1,0.7,0
2025-03-11,76210.66910874125,down_trend,31.0,0,,41,oi_change_rate,-0.012889054775797578,372361.0,-0.012889054775797578,1,0.7,0
2025-03-12,75867.29421672014,down_trend,31.0,0,,41,oi_change_rate,0.13615819057312661,372868.0,0.13615819057312661,0,1.0,0
2025-03-13,75593.69962979163,down_trend,31.0,0,,41,oi_change_rate,0.5514015683834494,374924.0,0.5514015683834494,0,1.0,0
2025-03-14,75804.69022146142,down_trend,31.0,0,,41,oi_change_rate,-0.27845643383725766,373880.0,-0.27845643383725766,1,0.7,0
2025-03-17,76478.7458593696,down_trend,31.0,0,,41,oi_change_rate,0.930244998395207,377358.0,0.930244998395207,0,1.0,0
2025-03-18,75675.40676742094,down_trend,31.0,0,,41,oi_change_rate,1.2788916625591613,382184.0,1.2788916625591613,0,1.0,0
2025-03-19,75471.09885655322,down_trend,31.0,0,,41,oi_change_rate,-0.5965712850354803,379904.0,-0.5965712850354803,1,0.7,0
2025-03-20,73571.8434436724,down_trend,31.0,0,,41,oi_change_rate,4.0278596698113205,395206.0,4.0278596698113205,0,1.0,0
2025-03-21,73544.80495589854,down_trend,31.0,0,,41,oi_change_rate,-0.8271635552091822,391937.0,-0.8271635552091822,1,0.7,0
2025-03-24,74012.59724792495,down_trend,31.0,0,,41,oi_change_rate,-2.525405868800343,382039.0,-2.525405868800343,1,0.7,0
2025-03-25,74047.76297333329,down_trend,31.0,0,,41,oi_change_rate,-2.0291122110569866,374287.0,-2.0291122110569866,1,0.7,0
2025-03-26,74670.51762388021,down_trend,31.0,0,,41,oi_change_rate,-2.090374498713554,366463.0,-2.090374498713554,1,0.7,0
2025-03-27,74610.73315759437,down_trend,31.0,0,,41,oi_change_rate,0.41122841869438387,367970.0,0.41122841869438387,0,1.0,0
2025-03-28,74335.32282182087,down_trend,31.0,0,,41,oi_change_rate,-0.222028969752969,367153.0,-0.222028969752969,1,0.7,0
2025-03-31,74451.19477532287,down_trend,31.0,0,,41,oi_change_rate,-1.2436232306422663,362587.0,-1.2436232306422663,1,0.7,0
2025-04-01,74660.0485069908,down_trend,31.0,0,,41,oi_change_rate,-1.8649317267304122,355825.0,-1.8649317267304122,1,0.7,0
2025-04-02,73724.81222965005,down_trend,31.0,0,,41,oi_change_rate,2.9135108550551534,366192.0,2.9135108550551534,0,1.0,0
2025-04-03,73560.76572671706,down_trend,31.0,0,,41,oi_change_rate,-1.0852230523878186,362218.0,-1.0852230523878186,1,0.7,0
2025-04-07,71403.0454593066,down_trend,31.0,0,,41,oi_change_rate,-5.11459949533154,343692.0,-5.11459949533154,1,0.7,0
2025-04-08,70668.94100891167,down_trend,31.0,0,,41,oi_change_rate,0.9185549852775159,346849.0,0.9185549852775159,0,1.0,0
2025-04-09,70332.91160630052,down_trend,31.0,0,,41,oi_change_rate,-3.428869623380779,334956.0,-3.428869623380779,1,0.7,0
2025-04-10,70997.73254985863,down_trend,31.0,0,,41,oi_change_rate,-1.4846726137164286,329983.0,-1.4846726137164286,1,0.7,0
2025-04-11,70709.07060622497,down_trend,31.0,0,,41,oi_change_rate,-1.106723679704712,326331.0,-1.106723679704712,1,0.7,0
2025-04-14,71103.20749790172,down_trend,31.0,0,,41,oi_change_rate,-1.4221756437482187,321690.0,-1.4221756437482187,1,0.7,0
2025-04-15,71087.33323015014,down_trend,31.0,0,,41,oi_change_rate,0.4227672604059809,323050.0,0.4227672604059809,0,1.0,0
2025-04-16,70676.10144038187,down_trend,31.0,0,,41,oi_change_rate,0.38353196099674974,324289.0,0.38353196099674974,0,1.0,0
2025-04-17,70755.53845674977,down_trend,31.0,0,,41,oi_change_rate,-0.9309597303639654,321270.0,-0.9309597303639654,1,0.7,0
2025-04-18,70544.51105069152,down_trend,31.0,0,,41,oi_change_rate,0.4012201574999222,322559.0,0.4012201574999222,0,1.0,0
2025-04-21,69349.62691828462,down_trend,31.0,0,,41,oi_change_rate,7.735639061381018,347511.0,7.735639061381018,0,1.0,0
2025-04-22,68216.3455374353,down_trend,31.0,0,,41,oi_change_rate,6.294189248685653,369384.0,6.294189248685653,0,1.0,0
2025-04-23,69295.07330352362,down_trend,31.0,0,,41,oi_change_rate,-0.9496892123102245,365876.0,-0.9496892123102245,1,0.7,0
2025-04-24,68655.5618137744,down_trend,31.0,0,,41,oi_change_rate,-0.3279799713564158,364676.0,-0.3279799713564158,1,0.7,0
2025-04-25,68544.0040665526,down_trend,31.0,0,,41,oi_change_rate,-0.47028046814158325,362961.0,-0.47028046814158325,1,0.7,0
2025-04-28,67343.98559387127,down_trend,31.0,0,,41,oi_change_rate,8.321830720104915,393166.0,8.321830720104915,0,1.0,0
2025-04-29,66658.53716326776,down_trend,31.0,0,,41,oi_change_rate,0.26121282104759824,394193.0,0.26121282104759824,0,1.0,0
2025-04-30,66346.92568750643,down_trend,31.0,0,,41,oi_change_rate,-1.479732009447149,388360.0,-1.479732009447149,1,0.7,0
2025-05-06,65658.632313789,down_trend,31.0,0,,41,oi_change_rate,4.937429189411886,407535.0,4.937429189411886,0,1.0,0
2025-05-07,64611.30658092725,down_trend,31.0,0,,41,oi_change_rate,7.30219490350522,437294.0,7.30219490350522,0,1.0,0
2025-05-08,64672.97073347205,down_trend,31.0,0,,41,oi_change_rate,-0.7585285871747611,433977.0,-0.7585285871747611,1,0.7,0
2025-05-09,63483.57023953834,down_trend,31.0,0,,41,oi_change_rate,7.970698908006646,468568.0,7.970698908006646,0,1.0,0
2025-05-12,64477.49195645231,down_trend,31.0,0,,41,oi_change_rate,-0.4364361202642946,466523.0,-0.4364361202642946,1,0.7,0
2025-05-13,63720.1247390084,down_trend,31.0,0,,41,oi_change_rate,3.7914529401551476,484211.0,3.7914529401551476,0,1.0,0
2025-05-14,65636.47412455792,down_trend,31.0,0,,41,oi_change_rate,-3.8803331605436475,465422.0,-3.8803331605436475,1,0.7,0
2025-05-15,64637.32099887484,down_trend,31.0,0,,41,oi_change_rate,3.308610250482358,480821.0,3.308610250482358,0,1.0,0
2025-05-16,62378.9077721526,down_trend,31.0,0,,41,oi_change_rate,14.409520382845177,550105.0,14.409520382845177,0,1.0,0
2025-05-19,61767.72337741391,down_trend,31.0,0,,41,oi_change_rate,3.0285127384772,566765.0,3.0285127384772,0,1.0,0
2025-05-20,61410.48039010631,down_trend,31.0,0,,41,oi_change_rate,2.0721110160295715,578509.0,2.0721110160295715,0,1.0,0
2025-05-21,61666.72993262753,down_trend,31.0,0,,41,oi_change_rate,-1.2202057357793914,571450.0,-1.2202057357793914,1,0.7,0
2025-05-22,62700.92719520752,down_trend,31.0,0,,41,oi_change_rate,-2.726397760083997,555870.0,-2.726397760083997,1,0.7,0
2025-05-23,61600.95368648485,down_trend,31.0,0,,41,oi_change_rate,3.413208124201702,574843.0,3.413208124201702,0,1.0,0
2025-05-26,60674.24349891898,down_trend,31.0,1,31.0,41,oi_change_rate,1.7834434793500136,585095.0,1.7834434793500136,0,1.0,0
2025-05-27,61134.173435815785,down_trend,31.0,1,31.0,41,oi_change_rate,-2.960715781197925,567772.0,-2.960715781197925,1,0.7,1
2025-05-28,60571.9693710746,down_trend,31.0,1,31.0,41,oi_change_rate,0.30910294977561414,569527.0,0.30910294977561414,0,1.0,0
2025-05-29,59083.59433364111,up_trend,32.0,1,31.0,41,oi_change_rate,4.401898417458698,594597.0,4.401898417458698,0,1.0,0
2025-05-30,59882.27550588198,up_trend,32.0,1,31.0,41,oi_change_rate,-3.514313055733547,573701.0,-3.514313055733547,1,0.7,1
2025-06-03,59959.14172818432,up_trend,32.0,1,31.0,41,oi_change_rate,2.122011291596145,585875.0,2.122011291596145,0,1.0,0
2025-06-04,61192.448698897606,up_trend,32.0,0,,41,oi_change_rate,-1.2178365692340516,578740.0,-1.2178365692340516,1,0.7,0
2025-06-05,60433.93792389253,up_trend,32.0,0,,41,oi_change_rate,-0.05546532121505339,578419.0,-0.05546532121505339,1,0.7,0
2025-06-06,60787.0270155572,up_trend,32.0,1,32.0,41,oi_change_rate,-2.229007000115833,565526.0,-2.229007000115833,1,0.7,1
2025-06-09,60933.86127290809,up_trend,32.0,1,32.0,41,oi_change_rate,-0.42544463030877455,563120.0,-0.42544463030877455,1,0.7,1
2025-06-10,60959.10759492531,up_trend,32.0,1,32.0,41,oi_change_rate,-1.303629776956954,555779.0,-1.303629776956954,1,0.7,1
2025-06-11,61764.79946001634,down_trend,33.0,1,32.0,41,oi_change_rate,1.2956588859960525,562980.0,1.2956588859960525,0,1.0,0
2025-06-12,60533.02846343082,down_trend,33.0,1,32.0,41,oi_change_rate,2.8185725958293366,578848.0,2.8185725958293366,0,1.0,0
2025-06-13,59913.17350047996,down_trend,33.0,1,32.0,41,oi_change_rate,3.301384819503566,597958.0,3.301384819503566,0,1.0,0
2025-06-16,59922.27735912502,down_trend,33.0,0,,41,oi_change_rate,2.9502072051883244,615599.0,2.9502072051883244,0,1.0,0
2025-06-17,59950.64910439944,down_trend,33.0,1,33.0,41,oi_change_rate,-0.449968242313584,612829.0,-0.449968242313584,1,0.7,1
2025-06-18,60025.524931649954,down_trend,33.0,1,33.0,41,oi_change_rate,-1.2817604910994747,604974.0,-1.2817604910994747,1,0.7,1
2025-06-19,60143.416111062805,down_trend,33.0,1,33.0,41,oi_change_rate,-1.1283129522921647,598148.0,-1.1283129522921647,1,0.7,1
2025-06-20,59074.355492316274,up_trend,34.0,1,33.0,41,oi_change_rate,8.213519062171903,647277.0,8.213519062171903,0,1.0,0
2025-06-23,59161.95331525076,up_trend,34.0,1,33.0,41,oi_change_rate,1.4429680028797565,656617.0,1.4429680028797565,0,1.0,0
2025-06-24,60740.48313952015,up_trend,34.0,1,33.0,41,oi_change_rate,-3.819730527841954,631536.0,-3.819730527841954,1,0.7,1
2025-06-25,60930.93942786819,up_trend,34.0,0,,41,oi_change_rate,-0.15549390691900383,630554.0,-0.15549390691900383,1,0.7,0
2025-06-26,61510.27137672392,up_trend,34.0,0,,41,oi_change_rate,-1.681695778632758,619950.0,-1.681695778632758,1,0.7,0
2025-06-27,63306.3318060167,up_trend,34.0,0,,41,oi_change_rate,-0.7949028147431245,615022.0,-0.7949028147431245,1,0.7,0
2025-06-30,62290.83671838749,up_trend,34.0,0,,41,oi_change_rate,-2.9324154257896464,596987.0,-2.9324154257896464,1,0.7,0
2025-07-01,62735.91978325273,up_trend,34.0,0,,41,oi_change_rate,-0.7691959791419244,592395.0,-0.7691959791419244,1,0.7,0
2025-07-02,63902.8456296618,up_trend,34.0,0,,41,oi_change_rate,-0.46607415660159185,589634.0,-0.46607415660159185,1,0.7,0
2025-07-03,64016.21575214755,up_trend,34.0,0,,41,oi_change_rate,2.3277151588951788,603359.0,2.3277151588951788,0,1.0,0
2025-07-04,63281.473286125394,up_trend,34.0,0,,41,oi_change_rate,-1.7437379735779197,592838.0,-1.7437379735779197,1,0.7,0
2025-07-07,63640.78710775284,up_trend,34.0,0,,41,oi_change_rate,-0.28017772140112474,591177.0,-0.28017772140112474,1,0.7,0
2025-07-08,63852.96391279844,up_trend,34.0,0,,41,oi_change_rate,1.4440683585457486,599714.0,1.4440683585457486,0,1.0,0
2025-07-09,64345.94835454461,up_trend,34.0,0,,41,oi_change_rate,-2.4424975905181467,585066.0,-2.4424975905181467,1,0.7,0
2025-07-10,64200.907146477446,up_trend,34.0,0,,41,oi_change_rate,1.1680733455712689,591900.0,1.1680733455712689,0,1.0,0
2025-07-11,64219.84222226659,up_trend,34.0,0,,41,oi_change_rate,1.5326913329954384,600972.0,1.5326913329954384,0,1.0,0
2025-07-14,66395.69311537778,up_trend,34.0,0,,41,oi_change_rate,5.670979679585738,635053.0,5.670979679585738,0,1.0,0
2025-07-15,66527.51669513399,up_trend,34.0,0,,41,oi_change_rate,-1.9080297235033925,622936.0,-1.9080297235033925,1,0.7,0
2025-07-16,66267.1792297835,up_trend,34.0,0,,41,oi_change_rate,-0.5326389869906378,619618.0,-0.5326389869906378,1,0.7,0
2025-07-17,67713.29837987259,up_trend,34.0,1,34.0,41,oi_change_rate,2.872899108805748,637419.0,2.872899108805748,0,1.0,0
2025-07-18,69403.89210736599,up_trend,34.0,1,34.0,41,oi_change_rate,3.6630536585825024,660768.0,3.6630536585825024,0,1.0,0
2025-07-21,70810.99092904947,up_trend,34.0,1,34.0,41,oi_change_rate,2.572763814228292,677768.0,2.572763814228292,0,1.0,0
2025-07-22,72385.3095290136,up_trend,34.0,1,34.0,41,oi_change_rate,5.980364962642084,718301.0,5.980364962642084,0,1.0,0
2025-07-23,69036.84822482467,no_trend,,1,34.0,41,oi_change_rate,-3.7573384973708794,691312.0,-3.7573384973708794,0,1.0,0
2025-07-24,75713.29861715241,no_trend,,1,34.0,41,oi_change_rate,18.05696993542713,816142.0,18.05696993542713,0,1.0,0
2025-07-25,79578.45873826499,down_trend,35.0,0,,41,oi_change_rate,11.276959156617353,908178.0,11.276959156617353,0,1.0,0
2025-07-28,71941.51540366371,down_trend,35.0,0,,41,oi_change_rate,-11.868158004267885,800394.0,-11.868158004267885,1,0.7,0
2025-07-29,70689.18065640068,down_trend,35.0,0,,41,oi_change_rate,-9.851773001796616,721541.0,-9.851773001796616,1,0.7,0
2025-07-30,70620.67479784404,down_trend,35.0,0,,41,oi_change_rate,0.7446562288213698,726914.0,0.7446562288213698,0,1.0,0
2025-07-31,68703.83452237242,down_trend,35.0,1,35.0,41,oi_change_rate,-3.8175079858140024,699164.0,-3.8175079858140024,1,0.7,1
2025-08-01,69249.5716319474,down_trend,35.0,1,35.0,41,oi_change_rate,-0.43723647098534824,696107.0,-0.43723647098534824,1,0.7,1
2025-08-04,69151.97043703265,down_trend,35.0,1,35.0,41,oi_change_rate,0.8212817857024854,701824.0,0.8212817857024854,0,1.0,0
2025-08-05,68017.81882734837,up_trend,36.0,1,35.0,41,oi_change_rate,-1.6762037205909173,690060.0,-1.6762037205909173,1,0.7,1
2025-08-06,69686.09121096708,up_trend,36.0,1,35.0,41,oi_change_rate,3.341158739819726,713116.0,3.341158739819726,0,1.0,0
2025-08-07,72313.15902511151,up_trend,36.0,1,35.0,41,oi_change_rate,3.945781611967759,741254.0,3.945781611967759,0,1.0,0
2025-08-08,76863.44762238451,up_trend,36.0,0,,41,oi_change_rate,5.500004047195698,782023.0,5.500004047195698,0,1.0,0
2025-08-12,81799.26768464812,up_trend,36.0,0,,41,oi_change_rate,6.94838898600169,836361.0,6.94838898600169,0,1.0,0
2025-08-13,84643.96629879496,up_trend,36.0,1,36.0,41,oi_change_rate,4.688884345396306,875577.0,4.688884345396306,0,1.0,0
2025-08-14,84891.41961388514,up_trend,36.0,1,36.0,41,oi_change_rate,-0.07492202284893276,874921.0,-0.07492202284893276,1,0.7,1
2025-08-15,86463.14350119753,up_trend,36.0,1,36.0,41,oi_change_rate,2.218828899980684,894334.0,2.218828899980684,0,1.0,0
2025-08-18,88979.04766675524,down_trend,37.0,1,36.0,41,oi_change_rate,2.6788649430749585,918292.0,2.6788649430749585,0,1.0,0
2025-08-19,87154.79860574917,down_trend,37.0,1,36.0,41,oi_change_rate,-1.8377596668597789,901416.0,-1.8377596668597789,1,0.7,1
2025-08-20,80716.02111876692,down_trend,37.0,1,36.0,41,oi_change_rate,-6.664958243474711,841337.0,-6.664958243474711,1,0.7,1
2025-08-21,82184.98949650266,down_trend,37.0,0,,41,oi_change_rate,-2.511954187204414,820203.0,-2.511954187204414,1,0.7,0
2025-08-22,78588.09935150472,down_trend,37.0,0,,41,oi_change_rate,-3.7409031666550843,789520.0,-3.7409031666550843,1,0.7,0
2025-08-25,78983.59533723166,down_trend,37.0,0,,41,oi_change_rate,-0.10183402573715676,788716.0,-0.10183402573715676,1,0.7,0
2025-08-26,78653.43867358014,down_trend,37.0,0,,41,oi_change_rate,-3.5107694024211504,761026.0,-3.5107694024211504,1,0.7,0
2025-08-27,78458.71875997793,down_trend,37.0,0,,41,oi_change_rate,-0.4078704275543805,757922.0,-0.4078704275543805,1,0.7,0
2025-08-28,77644.83883485758,down_trend,37.0,0,,41,oi_change_rate,-1.7401526806188499,744733.0,-1.7401526806188499,1,0.7,0
2025-08-29,76802.60049974476,down_trend,37.0,0,,41,oi_change_rate,-0.04739953782093717,744380.0,-0.04739953782093717,1,0.7,0
2025-09-01,75324.13273249552,down_trend,37.0,0,,41,oi_change_rate,-0.3394771487681023,741853.0,-0.3394771487681023,1,0.7,0
2025-09-02,72551.315962281,down_trend,37.0,0,,41,oi_change_rate,2.6375845349415585,761420.0,2.6375845349415585,0,1.0,0
2025-09-03,71909.32133259506,down_trend,37.0,0,,41,oi_change_rate,0.3326679099577106,763953.0,0.3326679099577106,0,1.0,0
2025-09-04,73398.86931908745,down_trend,37.0,0,,41,oi_change_rate,1.8329661641488415,777956.0,1.8329661641488415,0,1.0,0
2025-09-05,74227.81051576181,down_trend,37.0,1,37.0,41,oi_change_rate,4.358986883576963,811867.0,4.358986883576963,0,1.0,0
2025-09-08,74776.68653775219,down_trend,37.0,1,37.0,41,oi_change_rate,-0.49182932672469754,807874.0,-0.49182932672469754,1,0.7,1
2025-09-09,72925.30501241976,down_trend,37.0,1,37.0,41,oi_change_rate,-0.1853011732027519,806377.0,-0.1853011732027519,1,0.7,1
2025-09-10,70827.04237735186,up_trend,38.0,1,37.0,41,oi_change_rate,-1.2645449957030024,796180.0,-1.2645449957030024,1,0.7,1
2025-09-11,71180.7106156905,up_trend,38.0,1,37.0,41,oi_change_rate,-2.219598583234947,778508.0,-2.219598583234947,1,0.7,1
2025-09-12,71280.28673054207,up_trend,38.0,1,37.0,41,oi_change_rate,-2.1333114110580755,761900.0,-2.1333114110580755,1,0.7,1
2025-09-15,72799.4565240237,up_trend,38.0,0,,41,oi_change_rate,-0.0855755348470928,761248.0,-0.0855755348470928,1,0.7,0
2025-09-16,73335.25232560298,up_trend,38.0,0,,41,oi_change_rate,-0.8394110723443609,754858.0,-0.8394110723443609,1,0.7,0
2025-09-17,73784.71070237238,up_trend,38.0,0,,41,oi_change_rate,-0.6358811856004706,750058.0,-0.6358811856004706,1,0.7,0
2025-09-18,72980.54377817239,up_trend,38.0,0,,41,oi_change_rate,-2.3942148473851352,732100.0,-2.3942148473851352,1,0.7,0
2025-09-19,74015.0978697927,up_trend,38.0,0,,41,oi_change_rate,0.3831443791831717,734905.0,0.3831443791831717,0,1.0,0
2025-09-22,73552.11577405642,up_trend,38.0,0,,41,oi_change_rate,-1.427939665671073,724411.0,-1.427939665671073,1,0.7,0
2025-09-23,73616.79634309075,up_trend,38.0,0,,41,oi_change_rate,-2.759621264724031,704420.0,-2.759621264724031,1,0.7,0
2025-09-24,72877.51772622895,up_trend,38.0,0,,41,oi_change_rate,1.4478578121007355,714619.0,1.4478578121007355,0,1.0,0
2025-09-25,73966.6245575457,up_trend,38.0,0,,41,oi_change_rate,-0.21703872972870858,713068.0,-0.21703872972870858,1,0.7,0
2025-09-26,72869.76578245863,up_trend,38.0,0,,41,oi_change_rate,-2.516590283114654,695123.0,-2.516590283114654,1,0.7,0
2025-09-29,73840.64439353479,up_trend,38.0,0,,41,oi_change_rate,0.09537880346355969,695786.0,0.09537880346355969,0,1.0,0
2025-09-30,72835.58795828783,up_trend,38.0,0,,41,oi_change_rate,-2.7935313444076195,676349.0,-2.7935313444076195,1,0.7,0
2025-10-09,73428.63143671412,up_trend,38.0,0,,41,oi_change_rate,0.2305022998481553,677908.0,0.2305022998481553,0,1.0,0
2025-10-10,72930.97172346618,up_trend,38.0,0,,41,oi_change_rate,0.5587778872649386,681696.0,0.5587778872649386,0,1.0,0
2025-10-13,72518.54041722041,up_trend,38.0,0,,41,oi_change_rate,0.11339365347603624,682469.0,0.11339365347603624,0,1.0,0
2025-10-14,72817.30063893492,up_trend,38.0,0,,41,oi_change_rate,-2.466046076818141,665639.0,-2.466046076818141,1,0.7,0
2025-10-15,72976.96043622174,up_trend,38.0,0,,41,oi_change_rate,1.168801707832624,673419.0,1.168801707832624,0,1.0,0
2025-10-16,74995.10715339353,up_trend,38.0,0,,41,oi_change_rate,1.1722270978395324,681313.0,1.1722270978395324,0,1.0,0
2025-10-17,75753.86116644893,up_trend,38.0,0,,41,oi_change_rate,3.5890992832956368,705766.0,3.5890992832956368,0,1.0,0
2025-10-20,75863.93064959011,up_trend,38.0,0,,41,oi_change_rate,0.05483403847734234,706153.0,0.05483403847734234,0,1.0,0
2025-10-21,75890.41507819353,up_trend,38.0,0,,41,oi_change_rate,-0.7091947495797654,701145.0,-0.7091947495797654,1,0.7,0
2025-10-22,77060.78790431879,up_trend,38.0,0,,41,oi_change_rate,5.970804897703043,743009.0,5.970804897703043,0,1.0,0
2025-10-23,79720.24378879322,up_trend,38.0,0,,41,oi_change_rate,9.762062101535781,815542.0,9.762062101535781,0,1.0,0
2025-10-24,79399.00301292715,up_trend,38.0,0,,41,oi_change_rate,-0.4138352163346584,812167.0,-0.4138352163346584,1,0.7,0
2025-10-27,81770.0015767604,up_trend,38.0,1,38.0,41,oi_change_rate,6.200818304609766,862528.0,6.200818304609766,0,1.0,0
2025-10-28,81468.53358311905,up_trend,38.0,1,38.0,41,oi_change_rate,0.009043184685018921,862606.0,0.009043184685018921,0,1.0,0
2025-10-29,82742.55279509487,up_trend,38.0,1,38.0,41,oi_change_rate,1.5505340792899656,875981.0,1.5505340792899656,0,1.0,0
2025-10-30,83298.19290610154,up_trend,38.0,1,38.0,41,oi_change_rate,4.211050239674148,912869.0,4.211050239674148,0,1.0,0
2025-10-31,80702.71595711434,no_trend,,1,38.0,41,oi_change_rate,-3.2619138123871,883092.0,-3.2619138123871,0,1.0,0
2025-11-03,82198.87581014527,no_trend,,1,38.0,41,oi_change_rate,2.455463303936623,904776.0,2.455463303936623,0,1.0,0
2025-11-04,78692.84692417741,up_trend,39.0,0,,41,oi_change_rate,-8.605334359001565,826917.0,-8.605334359001565,1,0.7,0
2025-11-05,79192.40572818888,up_trend,39.0,0,,41,oi_change_rate,0.10267052195081247,827766.0,0.10267052195081247,0,1.0,0
2025-11-06,80510.1420147731,up_trend,39.0,0,,41,oi_change_rate,3.134702319254475,853714.0,3.134702319254475,0,1.0,0
2025-11-07,82428.04396778831,up_trend,39.0,0,,41,oi_change_rate,6.532632708377747,909484.0,6.532632708377747,0,1.0,0
2025-11-10,87263.16601087779,up_trend,39.0,0,,41,oi_change_rate,8.478873734996988,986598.0,8.478873734996988,0,1.0,0
2025-11-11,86597.97612100946,up_trend,39.0,0,,41,oi_change_rate,0.5731817822456563,992253.0,0.5731817822456563,0,1.0,0
2025-11-12,86625.2703334333,up_trend,39.0,0,,41,oi_change_rate,1.1243100298008675,1003409.0,1.1243100298008675,0,1.0,0
2025-11-13,87885.28761296567,up_trend,39.0,0,,41,oi_change_rate,3.3737987201629647,1037262.0,3.3737987201629647,0,1.0,0
2025-11-14,87524.8517046308,up_trend,39.0,1,39.0,41,oi_change_rate,-1.1904417591698144,1024914.0,-1.1904417591698144,1,0.7,1
2025-11-17,95362.68556890875,up_trend,39.0,1,39.0,41,oi_change_rate,9.14749920481133,1118668.0,9.14749920481133,0,1.0,0
2025-11-18,93815.03801262262,up_trend,39.0,1,39.0,41,oi_change_rate,-8.615245988979751,1022292.0,-8.615245988979751,1,0.7,1
2025-11-19,99785.99208447618,up_trend,39.0,1,39.0,41,oi_change_rate,6.920723237587695,1093042.0,6.920723237587695,0,1.0,0
2025-11-20,99487.06486152818,no_trend,,1,39.0,41,oi_change_rate,-1.440658272966638,1077295.0,-1.440658272966638,0,1.0,0
2025-11-21,91473.83576451118,no_trend,,1,39.0,41,oi_change_rate,-7.340793376001931,998213.0,-7.340793376001931,0,1.0,0
2025-11-24,91310.30934205856,no_trend,,0,,41,oi_change_rate,-2.0853264784169308,977397.0,-2.0853264784169308,0,1.0,0
2025-11-25,96559.5923121724,down_trend,40.0,0,,41,oi_change_rate,5.753752057761585,1033634.0,5.753752057761585,0,1.0,0
2025-11-26,95686.16019824593,down_trend,40.0,0,,41,oi_change_rate,2.0917462080388223,1055255.0,2.0917462080388223,0,1.0,0
2025-11-27,95245.89217620356,down_trend,40.0,0,,41,oi_change_rate,1.019848283116403,1066017.0,1.019848283116403,0,1.0,0
2025-11-28,95819.86815120305,down_trend,40.0,0,,41,oi_change_rate,0.4460529241090902,1070772.0,0.4460529241090902,0,1.0,0
2025-12-01,96392.8420646492,down_trend,40.0,0,,41,oi_change_rate,0.6925844157299593,1078188.0,0.6925844157299593,0,1.0,0
2025-12-02,96029.9968753506,down_trend,40.0,1,40.0,41,oi_change_rate,0.030885151754610513,1078521.0,0.030885151754610513,0,1.0,0
2025-12-03,93184.9829012468,down_trend,40.0,1,40.0,41,oi_change_rate,-1.444385412986859,1062943.0,-1.444385412986859,1,0.7,1
2025-12-04,93290.9207135939,down_trend,40.0,1,40.0,41,oi_change_rate,-1.601779211114801,1045917.0,-1.601779211114801,1,0.7,1
2025-12-05,91762.80919857872,up_trend,41.0,1,40.0,41,oi_change_rate,0.6096086018297818,1052293.0,0.6096086018297818,0,1.0,0
2025-12-08,94412.5482067781,up_trend,41.0,1,40.0,41,oi_change_rate,0.1327577015146922,1053690.0,0.1327577015146922,0,1.0,0
2025-12-09,92396.22369720136,up_trend,41.0,1,40.0,41,oi_change_rate,-2.913570404957815,1022990.0,-2.913570404957815,1,0.7,1
2025-12-10,95566.96369037496,up_trend,41.0,0,,41,oi_change_rate,1.7138974965542186,1040523.0,1.7138974965542186,0,1.0,0
2025-12-11,98510.09342365916,up_trend,41.0,0,,41,oi_change_rate,2.1711197157583255,1063114.0,2.1711197157583255,0,1.0,0
2025-12-12,97397.64133122387,up_trend,41.0,0,,41,oi_change_rate,-0.7096134563179489,1055570.0,-0.7096134563179489,1,0.7,0
2025-12-15,100757.24435037804,up_trend,41.0,0,,41,oi_change_rate,2.233201019354472,1079143.0,2.233201019354472,0,1.0,0
2025-12-16,100362.44145363112,up_trend,41.0,0,,41,oi_change_rate,0.5382975194205031,1084952.0,0.5382975194205031,0,1.0,0
2025-12-17,108400.26703020018,up_trend,41.0,0,,41,oi_change_rate,-0.6126538316902499,1078305.0,-0.6126538316902499,1,0.7,0
2025-12-18,106093.20558115456,up_trend,41.0,0,,41,oi_change_rate,-1.1197203017699073,1066231.0,-1.1197203017699073,1,0.7,0
2025-12-19,111306.9801743984,up_trend,41.0,0,,41,oi_change_rate,-1.3277610574068848,1052074.0,-1.3277610574068848,1,0.7,0
2025-12-22,114367.91199111343,up_trend,41.0,0,,41,oi_change_rate,2.5100895944581847,1078482.0,2.5100895944581847,0,1.0,0
2025-12-23,120307.89126146983,up_trend,41.0,1,41.0,41,oi_change_rate,0.5555030125676645,1084473.0,0.5555030125676645,0,1.0,0
2025-12-24,124702.76002600374,up_trend,41.0,1,41.0,41,oi_change_rate,-0.8523955875342217,1075229.0,-0.8523955875342217,1,0.7,1
2025-12-25,123776.4832185734,up_trend,41.0,1,41.0,41,oi_change_rate,-0.23762379920928473,1072674.0,-0.23762379920928473,1,0.7,1
2025-12-26,130537.55436496645,up_trend,41.0,1,41.0,41,oi_change_rate,-3.0452868252609835,1040008.0,-3.0452868252609835,1,0.7,1
2025-12-29,119352.66209023353,up_trend,42.0,1,41.0,41,oi_change_rate,-9.08060322612903,945569.0,-9.08060322612903,1,0.7,1
2025-12-30,121834.2382644608,up_trend,42.0,1,41.0,41,oi_change_rate,0.02242036276569981,945781.0,0.02242036276569981,0,1.0,0
2025-12-31,121962.10617464282,up_trend,42.0,0,,41,oi_change_rate,-3.292199779864472,914644.0,-3.292199779864472,1,0.7,0
2026-01-05,130229.31378172876,up_trend,42.0,0,,41,oi_change_rate,4.637104709591928,957057.0,4.637104709591928,0,1.0,0
2026-01-06,138166.55286437558,up_trend,42.0,0,,41,oi_change_rate,4.117623088280008,996465.0,4.117623088280008,0,1.0,0
2026-01-07,142526.30217623973,up_trend,42.0,1,42.0,41,oi_change_rate,-3.2347347874737196,964232.0,-3.2347347874737196,1,0.7,1
2026-01-08,145184.63443672733,up_trend,42.0,1,42.0,41,oi_change_rate,2.613478913788383,989432.0,2.613478913788383,0,1.0,0
2026-01-09,143679.74584338462,up_trend,42.0,1,42.0,41,oi_change_rate,1.1807784668375392,1001115.0,1.1807784668375392,0,1.0,0
2026-01-13,167443.3787281536,up_trend,42.0,1,42.0,41,oi_change_rate,-9.965288703096048,901351.0,-9.965288703096048,1,0.7,1
2026-01-14,162417.9492236421,no_trend,,1,42.0,41,oi_change_rate,-1.6678297355858038,886318.0,-1.6678297355858038,0,1.0,0
2026-01-15,163539.22487832644,no_trend,,1,42.0,41,oi_change_rate,-1.2902818175869157,874882.0,-1.2902818175869157,0,1.0,0
2026-01-16,146675.0696779114,up_trend,43.0,0,,41,oi_change_rate,-5.585553251752808,826015.0,-5.585553251752808,1,0.7,0
2026-01-19,147638.95940083844,up_trend,43.0,0,,41,oi_change_rate,-0.2013280630497025,824352.0,-0.2013280630497025,1,0.7,0
2026-01-20,160827.26077906342,up_trend,43.0,1,43.0,41,oi_change_rate,0.9369783781685493,832076.0,0.9369783781685493,0,1.0,0
2026-01-21,167131.02281302467,up_trend,43.0,1,43.0,41,oi_change_rate,1.9272278013066115,848112.0,1.9272278013066115,0,1.0,0
2026-01-22,169161.99374638853,up_trend,43.0,1,43.0,41,oi_change_rate,1.2111607900843286,858384.0,1.2111607900843286,0,1.0,0
2026-01-23,182015.7536821401,up_trend,43.0,1,43.0,41,oi_change_rate,0.09680981938153554,859215.0,0.09680981938153554,0,1.0,0
2026-01-26,166009.76492428427,no_trend,,1,43.0,41,oi_change_rate,-6.273167949814656,805315.0,-6.273167949814656,0,1.0,0
2026-01-27,179713.01714470427,down_trend,44.0,1,43.0,41,oi_change_rate,-0.12231238707834823,804330.0,-0.12231238707834823,1,0.7,1
2026-01-28,166500.5262425135,down_trend,44.0,1,44.0,41,oi_change_rate,-2.6632103738515283,782909.0,-2.6632103738515283,1,0.7,1
2026-01-29,165121.7396866089,down_trend,44.0,1,44.0,41,oi_change_rate,-1.5474339929672543,770794.0,-1.5474339929672543,1,0.7,1
2026-01-30,148314.44471031165,down_trend,44.0,1,44.0,41,oi_change_rate,-6.200489365511408,723001.0,-6.200489365511408,1,0.7,1
2026-02-02,133342.39018163507,down_trend,44.0,1,44.0,41,oi_change_rate,-5.514930131493594,683128.0,-5.514930131493594,1,0.7,1
2026-02-03,148148.53656549432,no_trend,,1,44.0,41,oi_change_rate,0.6168682882270965,687342.0,0.6168682882270965,0,1.0,0
2026-02-04,147213.1328400901,no_trend,,1,44.0,41,oi_change_rate,0.1494161567312924,688369.0,0.1494161567312924,0,1.0,0
2026-02-05,132814.57151833372,up_trend,45.0,0,,41,oi_change_rate,-6.595445175480011,642968.0,-6.595445175480011,1,0.7,0
2026-02-06,132968.39444268707,up_trend,45.0,0,,41,oi_change_rate,-0.6821490338554952,638582.0,-0.6821490338554952,1,0.7,0
2026-02-09,137044.41469712753,up_trend,45.0,0,,41,oi_change_rate,0.851104478359866,644017.0,0.851104478359866,0,1.0,0
2026-02-10,137370.01178127245,up_trend,45.0,0,,41,oi_change_rate,-0.09673657682949363,643394.0,-0.09673657682949363,1,0.7,0
2026-02-11,150305.970077088,up_trend,45.0,0,,41,oi_change_rate,2.22196663319832,657690.0,2.22196663319832,0,1.0,0
2026-02-12,149360.96852418713,up_trend,45.0,0,,41,oi_change_rate,-0.5571013699463273,654026.0,-0.5571013699463273,1,0.7,0
2026-02-13,152753.48003580244,up_trend,45.0,0,,41,oi_change_rate,-1.9461000021405876,641298.0,-1.9461000021405876,1,0.7,0
2026-02-24,164441.36907815718,up_trend,45.0,1,45.0,41,oi_change_rate,5.16327822634719,674410.0,5.16327822634719,0,1.0,0
2026-02-25,166719.06548834938,up_trend,45.0,1,45.0,41,oi_change_rate,3.439302501445708,697605.0,3.439302501445708,0,1.0,0
2026-02-26,173825.49544508551,up_trend,45.0,1,45.0,41,oi_change_rate,0.42387884261150655,700562.0,0.42387884261150655,0,1.0,0
2026-02-27,176159.30346692898,up_trend,45.0,1,45.0,41,oi_change_rate,1.593434985054856,711725.0,1.593434985054856,0,1.0,0
2026-03-02,172306.22544204665,no_trend,,1,45.0,41,oi_change_rate,-0.5850574308897397,707561.0,-0.5850574308897397,0,1.0,0
2026-03-03,151111.41966204415,up_trend,46.0,1,45.0,41,oi_change_rate,-8.583146894755364,646830.0,-8.583146894755364,1,0.7,1
2026-03-04,153158.99257623355,up_trend,46.0,0,,41,oi_change_rate,-1.435152976825441,637547.0,-1.435152976825441,1,0.7,0
2026-03-05,155753.50580089225,up_trend,46.0,1,46.0,41,oi_change_rate,-1.415268207677238,628524.0,-1.415268207677238,1,0.7,1
2026-03-06,156224.18158616606,up_trend,46.0,1,46.0,41,oi_change_rate,-0.006364116565159007,628484.0,-0.006364116565159007,1,0.7,1
2026-03-09,161052.2058880024,up_trend,46.0,1,46.0,41,oi_change_rate,-0.5976285792478409,624728.0,-0.5976285792478409,1,0.7,1
2026-03-10,162775.55999529533,up_trend,46.0,1,46.0,41,oi_change_rate,0.7103891613630252,629166.0,0.7103891613630252,0,1.0,0
2026-03-11,155068.5139548409,no_trend,,1,46.0,41,oi_change_rate,-0.5229144613663167,625876.0,-0.5229144613663167,0,1.0,0
2026-03-12,156904.13267108024,no_trend,,1,46.0,41,oi_change_rate,-0.47165892285372824,622924.0,-0.47165892285372824,0,1.0,0
2026-03-13,151920.0499496449,no_trend,,0,,41,oi_change_rate,-1.0118409308358645,616621.0,-1.0118409308358645,0,1.0,0
2026-03-16,159427.7361593808,no_trend,,0,,41,oi_change_rate,0.27926392386895676,618343.0,0.27926392386895676,0,1.0,0
2026-03-17,155185.8311259772,no_trend,,0,,41,oi_change_rate,0.37341734280164895,620652.0,0.37341734280164895,0,1.0,0
2026-03-18,149994.04411610722,no_trend,,0,,41,oi_change_rate,0.019173385407603615,620771.0,0.019173385407603615,0,1.0,0
2026-03-19,142430.6882440164,up_trend,47.0,0,,41,oi_change_rate,-4.070744284124098,595501.0,-4.070744284124098,1,0.7,0
2026-03-20,143660.4268451198,up_trend,47.0,0,,41,oi_change_rate,0.1232575596010754,596235.0,0.1232575596010754,0,1.0,0
2026-03-23,148815.72265010673,up_trend,47.0,0,,41,oi_change_rate,-0.2864642297080849,594527.0,-0.2864642297080849,1,0.7,0
2026-03-24,152727.3263218168,up_trend,47.0,0,,41,oi_change_rate,-0.12480509716127275,593785.0,-0.12480509716127275,1,0.7,0
2026-03-25,158945.7324509358,up_trend,47.0,1,47.0,41,oi_change_rate,0.3395168284816895,595801.0,0.3395168284816895,0,1.0,0
2026-03-26,157454.56882734704,up_trend,47.0,1,47.0,41,oi_change_rate,2.2059378886574543,608944.0,2.2059378886574543,0,1.0,0
2026-03-27,168724.35994949972,up_trend,47.0,1,47.0,41,oi_change_rate,5.749789800047295,643957.0,5.749789800047295,0,1.0,0
2026-03-30,172017.1987204765,down_trend,48.0,1,47.0,41,oi_change_rate,1.9954748531346038,656807.0,1.9954748531346038,0,1.0,0
2026-03-31,157514.20618042158,down_trend,48.0,1,47.0,41,oi_change_rate,-2.9941824615145696,637141.0,-2.9941824615145696,1,0.7,1
2026-04-01,158636.02933433265,down_trend,48.0,1,47.0,41,oi_change_rate,-0.7389259206360915,632433.0,-0.7389259206360915,1,0.7,1
2026-04-02,159586.32301378658,down_trend,48.0,0,,41,oi_change_rate,-0.5172089375475346,629162.0,-0.5172089375475346,1,0.7,0
2026-04-03,157304.77507906873,down_trend,48.0,1,48.0,41,oi_change_rate,-0.8986556721480318,623508.0,-0.8986556721480318,1,0.7,1
2026-04-07,160101.29900385477,down_trend,48.0,1,48.0,41,oi_change_rate,1.0618949556380992,630129.0,1.0618949556380992,0,1.0,0
2026-04-08,158974.50245753967,down_trend,48.0,1,48.0,41,oi_change_rate,-0.19805468404088686,628881.0,-0.19805468404088686,1,0.7,1
2026-04-09,152942.5090462755,up_trend,49.0,1,48.0,41,oi_change_rate,-0.24662853544629268,627330.0,-0.24662853544629268,1,0.7,1
2026-04-10,156580.24321692667,up_trend,49.0,1,48.0,41,oi_change_rate,-1.9382143369518434,615171.0,-1.9382143369518434,1,0.7,1
2026-04-13,165253.6425236836,up_trend,49.0,1,48.0,41,oi_change_rate,4.739657753697752,644328.0,4.739657753697752,0,1.0,0
2026-04-14,165726.01561415734,up_trend,49.0,0,,41,oi_change_rate,1.7629219900423387,655687.0,1.7629219900423387,0,1.0,0
2026-04-15,167597.8893141183,up_trend,49.0,1,49.0,41,oi_change_rate,2.018188556430126,668920.0,2.018188556430126,0,1.0,0
2026-04-16,174808.15542584294,up_trend,49.0,1,49.0,41,oi_change_rate,6.952699874424445,715428.0,6.952699874424445,0,1.0,0
2026-04-17,176407.07757473504,up_trend,49.0,1,49.0,41,oi_change_rate,1.5709477403735947,726667.0,1.5709477403735947,0,1.0,0
2026-04-20,179142.06795832145,up_trend,49.0,1,49.0,41,oi_change_rate,2.897613349718647,747723.0,2.897613349718647,0,1.0,0
2026-04-21,173314.40311129903,no_trend,,1,49.0,41,oi_change_rate,-3.85102504537108,718928.0,-3.85102504537108,0,1.0,0
2026-04-22,174334.01330315473,no_trend,,1,49.0,41,oi_change_rate,0.3553902477021343,721483.0,0.3553902477021343,0,1.0,0
2026-04-23,177035.88377416777,no_trend,,0,,41,oi_change_rate,0.5068726498060245,725140.0,0.5068726498060245,0,1.0,0
2026-04-24,177063.7011234587,no_trend,,0,,41,oi_change_rate,1.9437625837769257,739235.0,1.9437625837769257,0,1.0,0
