factor_id,factor_name,signal_date,signal_close,factor_value,position,position_scale,speculation,speculation_rank_history
11,high_speculation,2023-08-15,189680.8139697453,1.0,0.5,0.5,0.8881893576869988,1.0
11,high_speculation,2023-09-20,152200.22593190565,1.0,0.5,0.5,0.7965058156421968,1.0
11,high_speculation,2023-09-21,157066.76293912297,1.0,0.5,0.5,0.892920667367586,1.0
11,high_speculation,2023-09-22,152456.84817710766,1.0,0.5,0.5,1.0355193138275331,1.0
11,high_speculation,2023-09-27,140785.90414311024,1.0,0.5,0.5,1.215383281344587,1.0
11,high_speculation,2023-10-16,156717.2664438177,1.0,0.5,0.5,1.3379614333609042,1.0
11,high_speculation,2023-11-08,135846.2033121477,1.0,0.5,0.5,1.1901756336576224,1.0
11,high_speculation,2023-11-23,119365.8717677746,1.0,0.5,0.5,1.1309693996026733,1.0
11,high_speculation,2023-11-24,119482.67885226436,1.0,0.5,0.5,1.201514075941524,1.0
11,high_speculation,2023-11-29,110509.74250070576,1.0,0.5,0.5,1.2200290611416147,1.0
11,high_speculation,2023-12-01,103008.64174088642,1.0,0.5,0.5,1.2373251146707174,1.0
11,high_speculation,2023-12-06,92685.57123121686,1.0,0.5,0.5,1.362668612012835,1.0
11,high_speculation,2023-12-11,97124.60930398648,1.0,0.5,0.5,1.474114423933736,1.0
11,high_speculation,2024-02-06,97201.50715948458,1.0,0.5,0.5,-0.5379642555442696,1.0
11,high_speculation,2024-02-21,96882.24540344122,1.0,0.5,0.5,0.3295808831089428,1.0
11,high_speculation,2024-02-28,107854.74760428791,1.0,0.5,0.5,0.3579582624141482,1.0
11,high_speculation,2024-02-29,118891.28502033616,1.0,0.5,0.5,0.7112597882648249,1.0
11,high_speculation,2024-03-04,117242.80186002524,1.0,0.5,0.5,0.8291766326536015,1.0
11,high_speculation,2024-04-29,115988.79717510032,1.0,0.5,0.5,0.0893391733119337,1.0
11,high_speculation,2024-06-12,100810.13358861522,1.0,0.5,0.5,-0.3243611740522253,1.0
11,high_speculation,2024-06-25,93841.7255895294,1.0,0.5,0.5,-0.0566684938044319,1.0
11,high_speculation,2024-06-26,96328.86233091856,1.0,0.5,0.5,0.1626218327139663,1.0
11,high_speculation,2024-07-19,89977.9163766626,1.0,0.5,0.5,-0.1714490542709461,1.0
11,high_speculation,2024-08-13,77594.22204229198,1.0,0.5,0.5,-0.2870357877816833,1.0
11,high_speculation,2024-08-14,74068.38924703021,1.0,0.5,0.5,-0.2629622025888128,1.0
11,high_speculation,2024-08-21,78538.71756378718,1.0,0.5,0.5,0.0983043160887171,1.0
11,high_speculation,2024-09-11,79206.53066241814,1.0,0.5,0.5,0.5987226285877185,1.0
11,high_speculation,2024-10-08,78417.5237747879,1.0,0.5,0.5,0.3406219511191629,1.0
11,high_speculation,2024-11-01,76922.33542754776,1.0,0.5,0.5,0.1987275890706726,1.0
11,high_speculation,2024-11-12,81585.02886396984,1.0,0.5,0.5,0.2296406229541261,1.0
11,high_speculation,2024-11-13,86234.36081249446,1.0,0.5,0.5,0.455269096620352,1.0
11,high_speculation,2024-11-14,81229.98394945613,1.0,0.5,0.5,0.7556885724856357,1.0
11,high_speculation,2024-12-30,77402.32441373424,1.0,0.5,0.5,-0.0481767408481124,1.0
11,high_speculation,2025-01-06,77081.17974621737,1.0,0.5,0.5,0.0579550825931468,1.0
11,high_speculation,2025-02-26,76178.82043329345,1.0,0.5,0.5,-0.7683115507478833,1.0
11,high_speculation,2025-03-06,77013.02660503009,1.0,0.5,0.5,-0.7272059201552226,1.0
11,high_speculation,2025-03-07,76397.8622895749,1.0,0.5,0.5,-0.643634622676949,1.0
11,high_speculation,2025-03-20,73571.8434436724,1.0,0.5,0.5,-0.3003751208846147,1.0
11,high_speculation,2025-04-07,71403.0454593066,1.0,0.5,0.5,-0.411598364356919,1.0
11,high_speculation,2025-04-21,69349.62691828462,1.0,0.5,0.5,-0.2624508841821059,1.0
11,high_speculation,2025-05-08,64672.97073347205,1.0,0.5,0.5,-0.1230862355859813,1.0
11,high_speculation,2025-05-14,65636.47412455792,1.0,0.5,0.5,0.0169391403173036,1.0
11,high_speculation,2025-05-30,59882.27550588198,1.0,0.5,0.5,0.0447129613367358,1.0
11,high_speculation,2025-06-04,61192.448698897606,1.0,0.5,0.5,0.0855250060433742,1.0
11,high_speculation,2025-06-24,60740.48313952015,1.0,0.5,0.5,0.3098768373992623,1.0
11,high_speculation,2025-07-14,66395.69311537778,1.0,0.5,0.5,0.661180493443924,1.0
11,high_speculation,2025-07-18,69403.89210736599,1.0,0.5,0.5,0.8014961074766556,1.0
11,high_speculation,2025-07-23,69036.84822482467,1.0,0.5,0.5,0.9500200744023276,1.0
11,high_speculation,2025-07-24,75713.29861715241,1.0,0.5,0.5,1.076419870527918,1.0
11,high_speculation,2025-08-12,81799.26768464812,1.0,0.5,0.5,0.9572856032996698,1.0
11,high_speculation,2025-10-17,75753.86116644893,1.0,0.5,0.5,0.0676075063376109,1.0
11,high_speculation,2025-10-28,81468.53358311905,1.0,0.5,0.5,0.0837428673871411,1.0
11,high_speculation,2025-10-30,83298.19290610154,1.0,0.5,0.5,0.1275767848062199,1.0
11,high_speculation,2025-10-31,80702.71595711434,1.0,0.5,0.5,0.2368453229214352,1.0
11,high_speculation,2025-11-04,78692.84692417741,1.0,0.5,0.5,0.3994719784277493,1.0
11,high_speculation,2025-11-17,95362.68556890875,1.0,0.5,0.5,0.5031669400595563,1.0
11,high_speculation,2025-11-18,93815.03801262262,1.0,0.5,0.5,0.6703367240686223,1.0
11,high_speculation,2025-11-19,99785.99208447618,1.0,0.5,0.5,0.7972606264922603,1.0
11,high_speculation,2025-11-20,99487.06486152818,1.0,0.5,0.5,0.8433411311226615,1.0
11,high_speculation,2025-12-12,97397.64133122387,1.0,0.5,0.5,-0.1228191664329722,1.0
11,high_speculation,2025-12-17,108400.26703020018,1.0,0.5,0.5,0.3274873999941869,1.0
11,high_speculation,2025-12-25,123776.4832185734,1.0,0.5,0.5,0.3568638930981281,1.0
11,high_speculation,2026-02-02,133342.39018163507,1.0,0.5,0.5,0.2424578782854278,1.0
11,high_speculation,2026-03-03,151111.41966204415,1.0,0.5,0.5,-0.1061183433578977,1.0
11,high_speculation,2026-03-27,168724.35994949972,1.0,0.5,0.5,-0.2689398453319991,1.0
11,high_speculation,2026-03-31,157514.20618042158,1.0,0.5,0.5,-0.2515326141525883,1.0
