factor_id,factor_name,segment_id,evaluation_segment_id,trend,signal_date,signal_close,factor_value,speculation,speculation_median_history,speculation_mad_history,speculation_mad_value,position_scale,is_reversal_window,is_effective_signal,end_date,end_close,end_signal_date,end_signal_close,reversal_start_date,reversal_end_date,days_to_trend_end
12,speculation_mad,4.0,4.0,down_trend,2023-11-02,139460.8904642823,-3.423204738112899,0.5833284177212471,1.0367005520801973,0.08933012735833856,-3.423204738112899,0.5,0,0,2023-12-05,91488.87545841128,2023-12-07,95331.93392971825,2023-11-30,2023-12-07,33
12,speculation_mad,4.0,4.0,down_trend,2023-11-06,137673.10349068398,-3.4959460819976105,0.4877300861672962,0.9628938735204422,0.0916757799721174,-3.4959460819976105,0.5,0,0,2023-12-05,91488.87545841128,2023-12-07,95331.93392971825,2023-11-30,2023-12-07,29
12,speculation_mad,5.0,4.0,up_trend,2023-12-05,91488.87545841128,-3.4606154486915566,0.5526496490566544,1.102678996901369,0.10720339143792113,-3.4606154486915566,0.5,1,1,2023-12-05,91488.87545841128,2023-12-07,95331.93392971825,2023-11-30,2023-12-07,0
12,speculation_mad,5.0,5.0,up_trend,2023-12-07,95331.93392971825,-6.5698800136371895,0.242212494358547,1.1662417377720986,0.09486462231804893,-6.5698800136371895,0.5,1,1,2023-12-13,105012.27001922044,2023-12-20,100354.27599033044,2023-12-07,2023-12-15,6
12,speculation_mad,10.0,9.0,up_trend,2024-02-21,96882.24540344122,4.966400124525783,0.3295808831089428,-1.174285868470763,0.2042413422179613,4.966400124525783,0.5,1,1,2024-02-20,92872.2501205509,2024-02-21,96882.24540344122,2024-02-07,2024-02-22,-1
12,speculation_mad,12.0,12.0,up_trend,2024-03-20,116981.30857925958,-3.016328104989259,-0.1394810929511999,0.13702679698775205,0.061830812230839395,-3.016328104989259,0.5,1,1,2024-03-21,117150.57303903022,2024-03-25,107366.8720415848,2024-03-18,2024-03-25,1
12,speculation_mad,13.0,12.0,down_trend,2024-03-21,117150.57303903022,-3.918863232594868,-0.2353533402864061,0.12389027171050754,0.061830812230839395,-3.918863232594868,0.5,1,1,2024-03-21,117150.57303903022,2024-03-25,107366.8720415848,2024-03-18,2024-03-25,0
12,speculation_mad,15.0,14.0,down_trend,2024-04-12,112326.96831629968,-3.201524001100586,-0.6516419142583596,-0.3328983250464608,0.06715227044742525,-3.201524001100586,0.5,1,1,2024-04-10,115969.12561345406,2024-04-16,108422.30803054072,2024-04-03,2024-04-12,-2
12,speculation_mad,15.0,15.0,down_trend,2024-04-15,111994.24171471068,-6.32980785471877,-0.8628212601064965,-0.3569251000931277,0.053907210616090745,-6.32980785471877,0.5,0,0,2024-04-19,107978.62317880044,2024-04-29,115988.79717510032,2024-04-16,2024-04-23,4
12,speculation_mad,15.0,15.0,down_trend,2024-04-17,109690.96668846378,-3.5199592268729942,-0.9123332759449364,-0.3840111241239703,0.10123651623845645,-3.5199592268729942,0.5,1,1,2024-04-19,107978.62317880044,2024-04-29,115988.79717510032,2024-04-16,2024-04-23,2
12,speculation_mad,20.0,20.0,down_trend,2024-07-12,91385.49271301736,-3.8291521797832875,-1.046752881933517,-0.5943202972163544,0.0796942987246615,-3.8291521797832875,0.5,0,0,2024-08-15,73109.08419046688,2024-08-21,78538.71756378718,2024-08-12,2024-08-19,34
12,speculation_mad,20.0,20.0,down_trend,2024-08-07,80870.83524348213,-3.494222161249963,-0.9857478006792184,-0.496069472337056,0.09452275566376259,-3.494222161249963,0.5,0,0,2024-08-15,73109.08419046688,2024-08-21,78538.71756378718,2024-08-12,2024-08-19,8
12,speculation_mad,25.0,24.0,down_trend,2024-09-11,79206.53066241814,3.8794870643134387,0.5987226285877185,-0.22971040524678288,0.14403203745839002,3.8794870643134387,0.5,1,1,2024-09-11,79206.53066241814,2024-09-23,75969.96293712065,2024-09-06,2024-09-13,0
12,speculation_mad,27.0,26.0,down_trend,2024-10-08,78417.5237747879,3.222185193611795,0.3406219511191629,-0.2143612282467012,0.11617303278823149,3.222185193611795,0.5,1,1,2024-09-30,81153.9695800031,2024-10-10,75780.37389367344,2024-09-25,2024-10-09,-8
12,speculation_mad,28.0,28.0,up_trend,2024-10-28,76418.08107386471,3.5628756014305947,-0.1085216503091744,-0.3731625135786853,0.0500993682696983,3.5628756014305947,0.5,0,0,2024-11-13,86234.36081249446,2024-11-14,81229.98394945613,2024-11-08,2024-11-15,16
12,speculation_mad,28.0,28.0,up_trend,2024-10-31,75302.39799934936,5.548491566661847,-0.1015023721726568,-0.3545655732594279,0.030763098158457958,5.548491566661847,0.5,0,0,2024-11-13,86234.36081249446,2024-11-14,81229.98394945613,2024-11-08,2024-11-15,13
12,speculation_mad,28.0,28.0,up_trend,2024-11-01,76922.33542754776,6.361449666455441,0.1987275890706726,-0.3293389206715521,0.05598975074633372,6.361449666455441,0.5,0,0,2024-11-13,86234.36081249446,2024-11-14,81229.98394945613,2024-11-08,2024-11-15,12
12,speculation_mad,,28.0,no_trend,2024-11-14,81229.98394945613,3.2279701526388376,0.7556885724856357,-0.03805088084972155,0.16585343153468823,3.2279701526388376,0.5,1,1,2024-11-13,86234.36081249446,2024-11-14,81229.98394945613,2024-11-08,2024-11-15,-1
12,speculation_mad,30.0,30.0,up_trend,2024-12-30,77402.32441373424,4.766744312667014,-0.0481767408481124,-0.7521813377989142,0.09961612457595465,4.766744312667014,0.5,0,0,2025-01-20,80380.96737600217,2025-02-06,77450.23287346536,2025-01-15,2025-01-22,21
12,speculation_mad,30.0,30.0,up_trend,2025-01-15,79763.03859380224,3.3667866854034263,-0.0753747140775239,-0.4461458901353512,0.07427905462959505,3.3667866854034263,0.5,1,1,2025-01-20,80380.96737600217,2025-02-06,77450.23287346536,2025-01-15,2025-01-22,5
12,speculation_mad,31.0,31.0,down_trend,2025-02-18,77069.38997247192,-3.050849759537028,-1.2977186302151789,-0.7926094115919078,0.11167101868023166,-3.050849759537028,0.5,0,0,2025-05-29,59083.59433364111,2025-06-11,61764.79946001634,2025-05-26,2025-06-03,100
12,speculation_mad,31.0,31.0,down_trend,2025-04-07,71403.0454593066,3.9554921945436705,-0.411598364356919,-1.0830610210623128,0.11449785134353985,3.9554921945436705,0.5,0,0,2025-05-29,59083.59433364111,2025-06-11,61764.79946001634,2025-05-26,2025-06-03,52
12,speculation_mad,31.0,31.0,down_trend,2025-04-08,70668.94100891167,3.3808177558411066,-0.5091519446380757,-1.0830610210623128,0.11449785134353985,3.3808177558411066,0.5,0,0,2025-05-29,59083.59433364111,2025-06-11,61764.79946001634,2025-05-26,2025-06-03,51
12,speculation_mad,31.0,31.0,down_trend,2025-04-09,70332.91160630052,3.3701606170018734,-0.4816621020059458,-1.0269757612219261,0.10913694210952896,3.3701606170018734,0.5,0,0,2025-05-29,59083.59433364111,2025-06-11,61764.79946001634,2025-05-26,2025-06-03,50
12,speculation_mad,31.0,31.0,down_trend,2025-05-27,61134.173435815785,3.0548697803157796,-0.0315598625094781,-0.5334703421225159,0.11081781055442108,3.0548697803157796,0.5,1,1,2025-05-29,59083.59433364111,2025-06-11,61764.79946001634,2025-05-26,2025-06-03,2
12,speculation_mad,33.0,33.0,down_trend,2025-06-19,60143.416111062805,-3.0020319553997403,-0.8977156181213714,-0.4423377442925541,0.10231342388450268,-3.0020319553997403,0.5,1,1,2025-06-20,59074.355492316274,2025-06-26,61510.27137672392,2025-06-17,2025-06-24,1
12,speculation_mad,34.0,33.0,up_trend,2025-06-24,60740.48313952015,4.400231031366282,0.3098768373992623,-0.48577584993449074,0.12196186553247926,4.400231031366282,0.5,1,1,2025-06-20,59074.355492316274,2025-06-26,61510.27137672392,2025-06-17,2025-06-24,-4
12,speculation_mad,34.0,34.0,up_trend,2025-07-14,66395.69311537778,7.550998085498935,0.661180493443924,-0.18390958599455492,0.07548743133722204,7.550998085498935,0.5,0,0,2025-07-22,72385.3095290136,2025-07-23,69036.84822482467,2025-07-17,2025-07-24,8
12,speculation_mad,35.0,35.0,down_trend,2025-08-01,69249.5716319474,-3.1391932733956667,0.2082635351630899,0.6949053809968537,0.10456043945152033,-3.1391932733956667,0.5,1,1,2025-08-05,68017.81882734837,2025-08-07,72313.15902511151,2025-07-31,2025-08-07,4
12,speculation_mad,35.0,35.0,down_trend,2025-08-04,69151.97043703265,-3.637546435665958,-0.0463348011631293,0.6560092568242699,0.13023189819405445,-3.637546435665958,0.5,1,1,2025-08-05,68017.81882734837,2025-08-07,72313.15902511151,2025-07-31,2025-08-07,1
12,speculation_mad,38.0,38.0,up_trend,2025-10-15,72976.96043622174,-4.770312659320602,-0.6300207387847092,-0.4197515275288821,0.029730680171954682,-4.770312659320602,0.5,0,0,2025-10-30,83298.19290610154,2025-11-04,78692.84692417741,2025-10-27,2025-11-03,15
12,speculation_mad,38.0,38.0,up_trend,2025-10-16,74995.10715339353,3.377257412171315,-0.2952090855517831,-0.4238005041701804,0.025681703530656408,3.377257412171315,0.5,0,0,2025-10-30,83298.19290610154,2025-11-04,78692.84692417741,2025-10-27,2025-11-03,14
12,speculation_mad,38.0,38.0,up_trend,2025-10-17,75753.86116644893,4.203458653070868,0.0676075063376109,-0.4197515275288821,0.07820206930077506,4.203458653070868,0.5,0,0,2025-10-30,83298.19290610154,2025-11-04,78692.84692417741,2025-10-27,2025-11-03,13
12,speculation_mad,41.0,41.0,up_trend,2025-12-17,108400.26703020018,4.085469610612721,0.3274873999941869,-0.25810528176953407,0.09667844588556647,4.085469610612721,0.5,0,0,2025-12-26,130537.55436496645,2025-12-29,119352.66209023353,2025-12-23,2025-12-30,9
12,speculation_mad,42.0,42.0,up_trend,2025-12-31,121962.10617464282,-3.4311582571165378,-0.2895176207278666,0.20565035285955205,0.09733920663109795,-3.4311582571165378,0.5,0,0,2026-01-13,167443.3787281536,2026-01-16,146675.0696779114,2026-01-07,2026-01-15,13
12,speculation_mad,42.0,42.0,up_trend,2026-01-05,130229.31378172876,-3.6274596352748456,-0.4849122867235071,0.1686301685951497,0.12151984897405495,-3.6274596352748456,0.5,0,0,2026-01-13,167443.3787281536,2026-01-16,146675.0696779114,2026-01-07,2026-01-15,8
12,speculation_mad,45.0,45.0,up_trend,2026-02-26,173825.49544508551,3.355163942635507,-0.2727987524623073,-0.5311559779301445,0.051937718752778805,3.355163942635507,0.5,1,1,2026-02-27,176159.30346692898,2026-03-03,151111.41966204415,2026-02-24,2026-03-03,1
12,speculation_mad,46.0,45.0,up_trend,2026-03-03,151111.41966204415,3.2956584235102473,-0.1061183433578977,-0.5476126405966217,0.09035639789755862,3.2956584235102473,0.5,1,1,2026-02-27,176159.30346692898,2026-03-03,151111.41966204415,2026-02-24,2026-03-03,-4
12,speculation_mad,48.0,48.0,down_trend,2026-04-03,157304.77507906873,-3.226796521208537,-0.9681879234432618,-0.5707740513777599,0.08307061899756879,-3.226796521208537,0.5,1,1,2026-04-09,152942.5090462755,2026-04-13,165253.6425236836,2026-04-03,2026-04-13,6
