factor_id,factor_name,signal_date,signal_close,factor_value,position,position_scale,speculation,speculation_first_diff,speculation_down_flag,speculation_down_days,speculation_down_streak
23,speculation_continuous_drop,2023-08-01,221433.656545037,4.0,0.0,0.0,0.3455711668003232,-0.4992266807533593,1.0,4.0,4
23,speculation_continuous_drop,2023-08-02,221913.28229665072,5.0,0.0,0.0,0.0777876826569847,-0.26778348414333847,1.0,5.0,5
23,speculation_continuous_drop,2023-08-03,223249.91373998765,4.0,0.0,0.0,0.278676766271454,0.20088908361446928,0.0,4.0,0
23,speculation_continuous_drop,2023-08-04,222707.8457608564,4.0,0.0,0.0,-0.1709041956432761,-0.44958096191473007,1.0,4.0,1
23,speculation_continuous_drop,2023-08-18,191523.40382269217,4.0,0.0,0.0,0.2623910774735881,-0.4001837101638331,1.0,4.0,3
23,speculation_continuous_drop,2023-08-22,194571.815011419,4.0,0.0,0.0,0.5788551278390585,-0.07174710742339074,1.0,4.0,1
23,speculation_continuous_drop,2023-08-23,196128.50058430465,4.0,0.0,0.0,0.2350757936929626,-0.34377933414609585,1.0,4.0,2
23,speculation_continuous_drop,2023-08-24,195419.81314730016,4.0,0.0,0.0,0.1654618274742042,-0.0696139662187584,1.0,4.0,3
23,speculation_continuous_drop,2023-08-25,190778.92248989124,4.0,0.0,0.0,0.1168524055146719,-0.048609421959532315,1.0,4.0,4
23,speculation_continuous_drop,2023-08-28,182823.25598746547,4.0,0.0,0.0,0.7831209555005861,0.6662685499859142,0.0,4.0,0
23,speculation_continuous_drop,2023-08-29,183944.18517804652,4.0,0.0,0.0,0.704693048634028,-0.0784279068665581,1.0,4.0,1
23,speculation_continuous_drop,2023-08-30,183383.0947994899,4.0,0.0,0.0,0.4301450479677753,-0.27454800066625273,1.0,4.0,2
23,speculation_continuous_drop,2023-09-04,187126.3395181521,4.0,0.0,0.0,0.4859046043477473,-0.14204021886362572,1.0,4.0,2
23,speculation_continuous_drop,2023-09-05,187481.0988396477,4.0,0.0,0.0,0.4685346352422799,-0.017369969105467398,1.0,4.0,3
23,speculation_continuous_drop,2023-09-06,187410.7465832597,4.0,0.0,0.0,0.0619556344017436,-0.4065790008405363,1.0,4.0,4
23,speculation_continuous_drop,2023-09-07,181934.7677695439,4.0,0.0,0.0,0.3070118385914482,0.2450562041897046,0.0,4.0,0
23,speculation_continuous_drop,2023-09-15,167419.08418504574,4.0,0.0,0.0,0.5007508365401547,-0.13164331173091748,1.0,4.0,1
23,speculation_continuous_drop,2023-09-18,164878.8172660036,4.0,0.0,0.0,0.1000864947069014,-0.40066434183325333,1.0,4.0,2
23,speculation_continuous_drop,2023-11-03,139792.89015969163,4.0,0.0,0.0,0.4972419244517814,-0.08608649326946571,1.0,4.0,3
23,speculation_continuous_drop,2023-11-06,137673.10349068398,4.0,0.0,0.0,0.4877300861672962,-0.009511838284485208,1.0,4.0,4
23,speculation_continuous_drop,2023-11-07,134064.895158069,4.0,0.0,0.0,0.725760940812266,0.23803085464496987,0.0,4.0,0
23,speculation_continuous_drop,2023-11-15,135348.50198664705,4.0,0.0,0.0,0.448852216230571,-0.31677711813529513,1.0,4.0,3
23,speculation_continuous_drop,2023-11-16,134609.8775773196,4.0,0.0,0.0,0.2319923556029504,-0.21685986062762058,1.0,4.0,4
23,speculation_continuous_drop,2023-11-17,132873.24343116445,4.0,0.0,0.0,0.3456176412901895,0.11362528568723912,0.0,4.0,0
23,speculation_continuous_drop,2023-12-20,100354.27599033044,4.0,0.0,0.0,-0.4025792893853374,-0.4104399196908441,1.0,4.0,4
23,speculation_continuous_drop,2023-12-21,97269.5430794462,4.0,0.0,0.0,0.2847148683600652,0.6872941577454026,0.0,4.0,0
23,speculation_continuous_drop,2023-12-22,100221.330413198,4.0,0.0,0.0,0.2768380592709572,-0.007876809089107983,1.0,4.0,1
23,speculation_continuous_drop,2023-12-25,102100.52780946268,4.0,0.0,0.0,-0.4344416965130948,-0.711279755784052,1.0,4.0,2
23,speculation_continuous_drop,2024-01-08,96598.67900900664,4.0,0.0,0.0,-0.3628638141522091,-0.1389915575101155,1.0,4.0,2
23,speculation_continuous_drop,2024-01-24,101961.77233558672,4.0,0.0,0.0,-1.1066766747804968,-0.27714674054257926,1.0,4.0,2
23,speculation_continuous_drop,2024-01-29,101632.47352707006,4.0,0.0,0.0,-1.053422775593723,-0.03574800404280731,1.0,4.0,2
23,speculation_continuous_drop,2024-01-30,100777.94687642498,4.0,0.0,0.0,-1.33461110304124,-0.2811883274475169,1.0,4.0,3
23,speculation_continuous_drop,2024-02-01,99478.11953502726,4.0,0.0,0.0,-1.21844453702176,-0.48919322530809406,1.0,4.0,1
23,speculation_continuous_drop,2024-03-21,117150.57303903022,4.0,0.0,0.0,-0.2353533402864061,-0.09587224733520619,1.0,4.0,3
23,speculation_continuous_drop,2024-05-06,112887.53718943716,4.0,0.0,0.0,-0.7921743276892471,-0.744927445437827,1.0,4.0,2
23,speculation_continuous_drop,2024-07-03,94441.91970724764,4.0,0.0,0.0,-0.6775919293621054,-0.06337240470401395,1.0,4.0,3
23,speculation_continuous_drop,2024-07-18,88207.13889411473,4.0,0.0,0.0,-0.8266617190689088,-0.02268437711225335,1.0,4.0,3
23,speculation_continuous_drop,2024-07-22,89225.08093057314,4.0,0.0,0.0,-0.9404351259002204,-0.7689860716292742,1.0,4.0,1
23,speculation_continuous_drop,2024-08-07,80870.83524348213,4.0,0.0,0.0,-0.9857478006792184,-0.18087706411250937,1.0,4.0,3
23,speculation_continuous_drop,2024-08-20,75685.96489642184,4.0,0.0,0.0,-0.5693542015082973,-0.0953707922142803,1.0,4.0,4
23,speculation_continuous_drop,2024-08-21,78538.71756378718,4.0,0.0,0.0,0.0983043160887171,0.6676585175970144,0.0,4.0,0
23,speculation_continuous_drop,2024-08-22,76187.72383019413,4.0,0.0,0.0,-0.0508213056330445,-0.1491256217217616,1.0,4.0,1
23,speculation_continuous_drop,2024-08-23,74170.68976556571,4.0,0.0,0.0,-0.4278164634716551,-0.3769951578386106,1.0,4.0,2
23,speculation_continuous_drop,2024-08-26,75149.43115224813,4.0,0.0,0.0,-0.4484189746273911,-0.020602511155736025,1.0,4.0,3
23,speculation_continuous_drop,2024-08-28,76577.4677293547,4.0,0.0,0.0,-0.3815396381552903,-0.12312339143343032,1.0,4.0,1
23,speculation_continuous_drop,2024-09-13,78366.63193556007,4.0,0.0,0.0,-0.2147243031639237,-0.44625806398569023,1.0,4.0,2
23,speculation_continuous_drop,2024-09-18,76354.11342567294,4.0,0.0,0.0,-0.3189512814234624,-0.1042269782595387,1.0,4.0,3
23,speculation_continuous_drop,2024-09-20,76442.39275010422,4.0,0.0,0.0,-0.4321042865335623,-0.21810613320408362,1.0,4.0,1
23,speculation_continuous_drop,2024-10-15,76020.27350814737,4.0,0.0,0.0,-0.7221895947732964,-0.3174868042329967,1.0,4.0,3
23,speculation_continuous_drop,2024-11-21,82417.07326905093,4.0,0.0,0.0,-0.0053777967116127,-0.2167157475670258,1.0,4.0,2
23,speculation_continuous_drop,2024-11-22,80013.17702836446,4.0,0.0,0.0,-0.0461798103470504,-0.0408020136354377,1.0,4.0,3
23,speculation_continuous_drop,2024-11-25,80946.69230163954,4.0,0.0,0.0,-0.2918001423525226,-0.2456203320054722,1.0,4.0,4
23,speculation_continuous_drop,2024-11-26,79392.31455064192,4.0,0.0,0.0,-0.2020661789383748,0.0897339634141478,0.0,4.0,0
23,speculation_continuous_drop,2024-11-27,79372.12796872055,4.0,0.0,0.0,-0.6153539328173045,-0.41328775387892974,1.0,4.0,1
23,speculation_continuous_drop,2025-01-10,77406.66711529455,4.0,0.0,0.0,-0.7563491233906806,-0.13924923807056788,1.0,4.0,4
23,speculation_continuous_drop,2025-01-13,78216.98265171045,4.0,0.0,0.0,-0.4273513091216917,0.3289978142689889,0.0,4.0,0
23,speculation_continuous_drop,2025-01-14,78628.28548595963,4.0,0.0,0.0,-0.4649404711490107,-0.03758916202731899,1.0,4.0,1
23,speculation_continuous_drop,2025-03-13,75593.69962979163,4.0,0.0,0.0,-1.5317928184851757,-0.1045276055258364,1.0,4.0,4
23,speculation_continuous_drop,2025-03-14,75804.69022146142,4.0,0.0,0.0,-1.1919558574625957,0.33983696102258,0.0,4.0,0
23,speculation_continuous_drop,2025-03-24,74012.59724792495,4.0,0.0,0.0,-1.2114405220558615,-0.4706937312173992,1.0,4.0,2
23,speculation_continuous_drop,2025-04-01,74660.0485069908,4.0,0.0,0.0,-1.2271868505892307,-0.0936231987235292,1.0,4.0,4
23,speculation_continuous_drop,2025-04-02,73724.81222965005,4.0,0.0,0.0,-0.8650564929507968,0.36213035763843393,0.0,4.0,0
23,speculation_continuous_drop,2025-04-03,73560.76572671706,4.0,0.0,0.0,-1.132005797640146,-0.2669493046893493,1.0,4.0,1
23,speculation_continuous_drop,2025-05-29,59083.59433364111,4.0,0.0,0.0,-0.0759512534123355,-0.025050359144149298,1.0,4.0,2
23,speculation_continuous_drop,2025-06-18,60025.524931649954,4.0,0.0,0.0,-0.8498643465504205,-0.034251407176688176,1.0,4.0,3
23,speculation_continuous_drop,2025-06-19,60143.416111062805,4.0,0.0,0.0,-0.8977156181213714,-0.047851271570950815,1.0,4.0,4
23,speculation_continuous_drop,2025-06-20,59074.355492316274,4.0,0.0,0.0,-0.3636223100663722,0.5340933080549992,0.0,4.0,0
23,speculation_continuous_drop,2025-06-23,59161.95331525076,4.0,0.0,0.0,-0.6075460411313307,-0.24392373106495852,1.0,4.0,1
23,speculation_continuous_drop,2025-07-04,63281.473286125394,4.0,0.0,0.0,-0.3184743946498274,-0.1509235729030273,1.0,4.0,2
23,speculation_continuous_drop,2025-07-07,63640.78710775284,4.0,0.0,0.0,-0.7331553113980166,-0.4146809167481892,1.0,4.0,3
23,speculation_continuous_drop,2025-07-09,64345.94835454461,4.0,0.0,0.0,-0.3386696151280244,-0.4571427416737579,1.0,4.0,1
23,speculation_continuous_drop,2025-08-04,69151.97043703265,4.0,0.0,0.0,-0.0463348011631293,-0.2545983363262192,1.0,4.0,3
23,speculation_continuous_drop,2025-08-06,69686.09121096708,4.0,0.0,0.0,-0.0736914690032746,-0.1771128829678443,1.0,4.0,1
23,speculation_continuous_drop,2025-08-19,87154.79860574917,4.0,0.0,0.0,0.0840009313059253,-0.35348186193438974,1.0,4.0,1
23,speculation_continuous_drop,2025-09-12,71280.28673054207,4.0,0.0,0.0,-0.3760216348394565,-0.05450125967294739,1.0,4.0,2
23,speculation_continuous_drop,2025-12-02,96029.9968753506,4.0,0.0,0.0,-0.585978044618334,-0.2599887206449638,1.0,4.0,4
23,speculation_continuous_drop,2025-12-03,93184.9829012468,4.0,0.0,0.0,-0.1946277273691737,0.39135031724916036,0.0,4.0,0
23,speculation_continuous_drop,2025-12-19,111306.9801743984,4.0,0.0,0.0,0.132808986731991,-0.07404036852880469,1.0,4.0,2
23,speculation_continuous_drop,2026-01-05,130229.31378172876,4.0,0.0,0.0,-0.4849122867235071,-0.19539466599564054,1.0,4.0,3
23,speculation_continuous_drop,2026-01-06,138166.55286437558,4.0,0.0,0.0,-0.6208730800024855,-0.13596079327897842,1.0,4.0,4
23,speculation_continuous_drop,2026-01-07,142526.30217623973,4.0,0.0,0.0,-0.2685744452353813,0.3522986347671042,0.0,4.0,0
23,speculation_continuous_drop,2026-02-13,152753.48003580244,4.0,0.0,0.0,-0.5544443856328745,-0.013663490072505446,1.0,4.0,2
23,speculation_continuous_drop,2026-02-24,164441.36907815718,4.0,0.0,0.0,-0.830299284393825,-0.2758548987609506,1.0,4.0,3
23,speculation_continuous_drop,2026-03-05,155753.50580089225,4.0,0.0,0.0,-0.4879877228265748,-0.010710237437788928,1.0,4.0,2
23,speculation_continuous_drop,2026-03-06,156224.18158616606,4.0,0.0,0.0,-0.774019476374786,-0.28603175354821114,1.0,4.0,3
23,speculation_continuous_drop,2026-03-10,162775.55999529533,4.0,0.0,0.0,-0.7783110639803302,-0.578924724912511,1.0,4.0,1
23,speculation_continuous_drop,2026-04-03,157304.77507906873,4.0,0.0,0.0,-0.9681879234432618,-0.364772146057168,1.0,4.0,3
