factor_id,factor_name,segment_id,trend,reversal_segment_id,reversal_trend,realtime_trend,matched_segment_id,matched_segment_trend,matched_segment_source,signal_date,signal_close,factor_value,position_scale,is_reversal_window,is_effective_signal,end_date,end_close,end_signal_date,end_signal_close,reversal_start_date,reversal_end_date,days_to_trend_end
51,price_volume_up_oi_down_short_5d,16.0,up_trend,16.0,up_trend,down_trend,16.0,up_trend,reversal_segment_id,2024-04-26,110328.255441008,0.07580632662280354,-1.0,1,1,2024-04-29,115988.79717510032,2024-05-10,109118.61716716952,2024-04-24,2024-05-06,3.0
51,price_volume_up_oi_down_short_5d,28.0,up_trend,,,up_trend,28.0,up_trend,segment_id,2024-10-28,76418.08107386471,0.17123012570417057,-1.0,0,0,2024-11-13,86234.36081249446,2024-11-14,81229.98394945613,2024-11-08,2024-11-15,16.0
51,price_volume_up_oi_down_short_5d,28.0,up_trend,,,up_trend,28.0,up_trend,segment_id,2024-11-01,76922.33542754776,0.24464634201770064,-1.0,0,0,2024-11-13,86234.36081249446,2024-11-14,81229.98394945613,2024-11-08,2024-11-15,12.0
51,price_volume_up_oi_down_short_5d,28.0,up_trend,,,up_trend,28.0,up_trend,segment_id,2024-11-05,77801.46195448568,0.16049353258269827,-1.0,0,0,2024-11-13,86234.36081249446,2024-11-14,81229.98394945613,2024-11-08,2024-11-15,8.0
51,price_volume_up_oi_down_short_5d,28.0,up_trend,,,up_trend,28.0,up_trend,segment_id,2024-11-06,76414.65845473445,0.2770144496791282,-1.0,0,0,2024-11-13,86234.36081249446,2024-11-14,81229.98394945613,2024-11-08,2024-11-15,7.0
51,price_volume_up_oi_down_short_5d,28.0,up_trend,,,up_trend,28.0,up_trend,segment_id,2024-11-07,77375.34409743991,0.11710458271745705,-1.0,0,0,2024-11-13,86234.36081249446,2024-11-14,81229.98394945613,2024-11-08,2024-11-15,6.0
51,price_volume_up_oi_down_short_5d,29.0,down_trend,,,up_trend,29.0,down_trend,segment_id,2024-11-20,83069.64961439381,0.43072946808116885,-1.0,0,0,2024-12-19,75646.59865128386,2025-01-07,78238.59709504947,2024-12-16,2024-12-23,29.0
51,price_volume_up_oi_down_short_5d,30.0,up_trend,,,down_trend,30.0,up_trend,segment_id,2025-01-02,77011.20558874552,0.27885888648792134,-1.0,0,0,2025-01-20,80380.96737600217,2025-02-06,77450.23287346536,2025-01-15,2025-01-22,18.0
51,price_volume_up_oi_down_short_5d,30.0,up_trend,,,down_trend,30.0,up_trend,segment_id,2025-01-06,77081.17974621737,0.853742519559888,-1.0,0,0,2025-01-20,80380.96737600217,2025-02-06,77450.23287346536,2025-01-15,2025-01-22,14.0
51,price_volume_up_oi_down_short_5d,30.0,up_trend,,,up_trend,30.0,up_trend,segment_id,2025-01-07,78238.59709504947,0.4014366492476686,-1.0,0,0,2025-01-20,80380.96737600217,2025-02-06,77450.23287346536,2025-01-15,2025-01-22,13.0
51,price_volume_up_oi_down_short_5d,30.0,up_trend,,,up_trend,30.0,up_trend,segment_id,2025-01-08,76677.90832608871,0.36951542567615503,-1.0,0,0,2025-01-20,80380.96737600217,2025-02-06,77450.23287346536,2025-01-15,2025-01-22,12.0
51,price_volume_up_oi_down_short_5d,30.0,up_trend,,,up_trend,30.0,up_trend,segment_id,2025-01-09,77701.35477379091,0.2515675339116323,-1.0,0,0,2025-01-20,80380.96737600217,2025-02-06,77450.23287346536,2025-01-15,2025-01-22,11.0
51,price_volume_up_oi_down_short_5d,31.0,down_trend,30.0,up_trend,up_trend,30.0,up_trend,reversal_segment_id,2025-01-22,78915.04334667012,0.10906200885023364,-1.0,1,1,2025-01-20,80380.96737600217,2025-02-06,77450.23287346536,2025-01-15,2025-01-22,-2.0
51,price_volume_up_oi_down_short_5d,31.0,down_trend,,,up_trend,31.0,down_trend,segment_id,2025-01-23,79341.34431291292,0.035889182727872115,-1.0,0,0,2025-05-29,59083.59433364111,2025-06-11,61764.79946001634,2025-05-26,2025-06-03,126.0
51,price_volume_up_oi_down_short_5d,31.0,down_trend,,,down_trend,31.0,down_trend,segment_id,2025-03-11,76210.66910874125,0.060322575472082036,-1.0,0,0,2025-05-29,59083.59433364111,2025-06-11,61764.79946001634,2025-05-26,2025-06-03,79.0
51,price_volume_up_oi_down_short_5d,31.0,down_trend,,,down_trend,31.0,down_trend,segment_id,2025-03-12,75867.29421672014,0.07141952221271873,-1.0,0,0,2025-05-29,59083.59433364111,2025-06-11,61764.79946001634,2025-05-26,2025-06-03,78.0
51,price_volume_up_oi_down_short_5d,34.0,up_trend,,,up_trend,34.0,up_trend,segment_id,2025-06-27,63306.3318060167,0.9333075141788765,-1.0,0,0,2025-07-22,72385.3095290136,2025-07-23,69036.84822482467,2025-07-17,2025-07-24,25.0
51,price_volume_up_oi_down_short_5d,34.0,up_trend,,,up_trend,34.0,up_trend,segment_id,2025-06-30,62290.83671838749,1.0804991938268997,-1.0,0,0,2025-07-22,72385.3095290136,2025-07-23,69036.84822482467,2025-07-17,2025-07-24,22.0
51,price_volume_up_oi_down_short_5d,34.0,up_trend,,,up_trend,34.0,up_trend,segment_id,2025-07-01,62735.91978325273,0.3512415846503486,-1.0,0,0,2025-07-22,72385.3095290136,2025-07-23,69036.84822482467,2025-07-17,2025-07-24,21.0
51,price_volume_up_oi_down_short_5d,34.0,up_trend,,,up_trend,34.0,up_trend,segment_id,2025-07-02,63902.8456296618,0.34354587369702355,-1.0,0,0,2025-07-22,72385.3095290136,2025-07-23,69036.84822482467,2025-07-17,2025-07-24,20.0
51,price_volume_up_oi_down_short_5d,34.0,up_trend,,,up_trend,34.0,up_trend,segment_id,2025-07-03,64016.21575214755,0.19930090115385588,-1.0,0,0,2025-07-22,72385.3095290136,2025-07-23,69036.84822482467,2025-07-17,2025-07-24,19.0
51,price_volume_up_oi_down_short_5d,39.0,up_trend,,,down_trend,39.0,up_trend,segment_id,2025-11-04,78692.84692417741,0.3824922235152031,-1.0,0,0,2025-11-19,99785.99208447618,2025-11-21,91473.83576451118,2025-11-14,2025-11-21,15.0
51,price_volume_up_oi_down_short_5d,,no_trend,39.0,up_trend,down_trend,39.0,up_trend,reversal_segment_id,2025-11-21,91473.83576451118,0.890096454368168,-1.0,1,1,2025-11-19,99785.99208447618,2025-11-21,91473.83576451118,2025-11-14,2025-11-21,-2.0
51,price_volume_up_oi_down_short_5d,,no_trend,,,down_trend,,,,2025-11-24,91310.30934205856,0.6876843315641766,-1.0,0,0,,,,,,,
51,price_volume_up_oi_down_short_5d,41.0,up_trend,,,up_trend,41.0,up_trend,segment_id,2025-12-19,111306.9801743984,0.4750460000107039,-1.0,0,0,2025-12-26,130537.55436496645,2025-12-29,119352.66209023353,2025-12-23,2025-12-30,7.0
51,price_volume_up_oi_down_short_5d,41.0,up_trend,,,up_trend,41.0,up_trend,segment_id,2025-12-22,114367.91199111343,0.5885507609649494,-1.0,0,0,2025-12-26,130537.55436496645,2025-12-29,119352.66209023353,2025-12-23,2025-12-30,4.0
51,price_volume_up_oi_down_short_5d,41.0,up_trend,41.0,up_trend,up_trend,41.0,up_trend,reversal_segment_id,2025-12-23,120307.89126146983,0.6359008513071152,-1.0,1,1,2025-12-26,130537.55436496645,2025-12-29,119352.66209023353,2025-12-23,2025-12-30,3.0
51,price_volume_up_oi_down_short_5d,41.0,up_trend,41.0,up_trend,up_trend,41.0,up_trend,reversal_segment_id,2025-12-24,124702.76002600374,0.3955423040057349,-1.0,1,1,2025-12-26,130537.55436496645,2025-12-29,119352.66209023353,2025-12-23,2025-12-30,2.0
51,price_volume_up_oi_down_short_5d,41.0,up_trend,41.0,up_trend,up_trend,41.0,up_trend,reversal_segment_id,2025-12-26,130537.55436496645,0.23517656606517864,-1.0,1,1,2025-12-26,130537.55436496645,2025-12-29,119352.66209023353,2025-12-23,2025-12-30,0.0
51,price_volume_up_oi_down_short_5d,42.0,up_trend,42.0,up_trend,up_trend,42.0,up_trend,reversal_segment_id,2026-01-13,167443.3787281536,0.3864780268135271,-1.0,1,1,2026-01-13,167443.3787281536,2026-01-16,146675.0696779114,2026-01-07,2026-01-15,0.0
51,price_volume_up_oi_down_short_5d,,no_trend,42.0,up_trend,up_trend,42.0,up_trend,reversal_segment_id,2026-01-14,162417.9492236421,0.6706198810777921,-1.0,1,1,2026-01-13,167443.3787281536,2026-01-16,146675.0696779114,2026-01-07,2026-01-15,-1.0
51,price_volume_up_oi_down_short_5d,,no_trend,42.0,up_trend,up_trend,42.0,up_trend,reversal_segment_id,2026-01-15,163539.22487832644,0.7893425119350531,-1.0,1,1,2026-01-13,167443.3787281536,2026-01-16,146675.0696779114,2026-01-07,2026-01-15,-2.0
51,price_volume_up_oi_down_short_5d,43.0,up_trend,,,down_trend,43.0,up_trend,segment_id,2026-01-16,146675.0696779114,0.5954720011744683,-1.0,0,0,2026-01-23,182015.7536821401,2026-01-26,166009.76492428427,2026-01-20,2026-01-27,7.0
51,price_volume_up_oi_down_short_5d,43.0,up_trend,,,down_trend,43.0,up_trend,segment_id,2026-01-19,147638.95940083844,0.3912247645599588,-1.0,0,0,2026-01-23,182015.7536821401,2026-01-26,166009.76492428427,2026-01-20,2026-01-27,4.0
51,price_volume_up_oi_down_short_5d,44.0,down_trend,44.0,down_trend,down_trend,44.0,down_trend,reversal_segment_id,2026-01-29,165121.7396866089,0.19888898080801976,-1.0,1,0,2026-02-02,133342.39018163507,2026-02-03,148148.53656549432,2026-01-28,2026-02-04,4.0
51,price_volume_up_oi_down_short_5d,46.0,up_trend,45.0,up_trend,down_trend,45.0,up_trend,reversal_segment_id,2026-03-03,151111.41966204415,0.3514212846005994,-1.0,1,1,2026-02-27,176159.30346692898,2026-03-03,151111.41966204415,2026-02-24,2026-03-03,-4.0
51,price_volume_up_oi_down_short_5d,46.0,up_trend,,,down_trend,46.0,up_trend,segment_id,2026-03-04,153158.99257623355,0.29230403779707526,-1.0,0,0,2026-03-10,162775.55999529533,2026-03-11,155068.5139548409,2026-03-05,2026-03-12,6.0
51,price_volume_up_oi_down_short_5d,46.0,up_trend,46.0,up_trend,down_trend,46.0,up_trend,reversal_segment_id,2026-03-05,155753.50580089225,0.12235474809602634,-1.0,1,1,2026-03-10,162775.55999529533,2026-03-11,155068.5139548409,2026-03-05,2026-03-12,5.0
